Band,Pad,Subband,Freq-index,Design Frequency,Frequency Shift
0,-1,a0,0,4019000000,0
0,0,c0,33,4084714286,0
0,1,b0,17,4052653571,0
0,2,d0,50,4118367857,0
0,3,a1,1,4020870714,0
0,4,c1,34,4086585000,0
0,5,b1,18,4054524286,0
0,6,d1,51,4120238571,0
0,7,a2,2,4022741429,0
0,8,c2,35,4088455714,0
0,9,b2,19,4056395000,0
0,10,d2,52,4122109286,0
0,11,a3,3,4024612143,0
0,12,c3,36,4090326429,0
0,13,b3,20,4058265714,0
0,14,d3,53,4123980000,0
0,15,a4,4,4026482857,0
0,16,c4,37,4092197143,0
0,17,b4,21,4060136429,0
0,18,d4,54,4125850714,0
0,19,a5,5,4028353571,0
0,20,c5,38,4094067857,0
0,21,b5,22,4062007143,0
0,22,d5,55,4127721429,0
0,23,a6,6,4030224286,0
0,24,c6,39,4095938571,0
0,25,b6,23,4063877857,0
0,26,d6,56,4129592143,0
0,27,a7,7,4032095000,0
0,28,c7,40,4097809286,0
0,29,b7,24,4065748571,0
0,30,d7,57,4131462857,0
0,31,a8,8,4033965714,0
0,32,c8,41,4099680000,0
0,33,b8,25,4067619286,0
0,34,d8,58,4133333571,0
0,35,a9,9,4035836429,0
0,36,c9,42,4101550714,0
0,37,b9,26,4069490000,0
0,38,d9,59,4135204286,0
0,39,a10,10,4037707143,0
0,40,c10,43,4103421429,0
0,41,b10,27,4071360714,0
0,42,d10,60,4137075000,0
0,43,a11,11,4039577857,0
0,44,c11,44,4105292143,0
0,45,b11,28,4073231429,0
0,46,d11,61,4138945714,0
0,47,a12,12,4041448571,0
0,48,c12,45,4107162857,0
0,49,b12,29,4075102143,0
0,50,d12,62,4140816429,0
0,51,a13,13,4043319286,0
0,52,c13,46,4109033571,0
0,53,b13,30,4076972857,0
0,54,d13,63,4142687143,0
0,55,a14,14,4045190000,0
0,56,c14,47,4110904286,0
0,57,b14,31,4078843571,0
0,58,d14,64,4144557857,0
0,59,a15,15,4047060714,0
0,60,c15,48,4112775000,0
0,61,b15,32,4080714286,0
0,62,d15,65,4146428571,0
0,63,a16,16,4048931429,0
0,64,c16,49,4114645714,0
1,-1,a0,0,4152428571,0
1,0,c0,33,4218142857,0
1,1,b0,17,4186082143,0
1,2,d0,50,4251796429,0
1,3,a1,1,4154299286,0
1,4,c1,34,4220013571,0
1,5,b1,18,4187952857,0
1,6,d1,51,4253667143,0
1,7,a2,2,4156170000,0
1,8,c2,35,4221884286,0
1,9,b2,19,4189823571,0
1,10,d2,52,4255537857,0
1,11,a3,3,4158040714,0
1,12,c3,36,4223755000,0
1,13,b3,20,4191694286,0
1,14,d3,53,4257408571,0
1,15,a4,4,4159911429,0
1,16,c4,37,4225625714,0
1,17,b4,21,4193565000,0
1,18,d4,54,4259279286,0
1,19,a5,5,4161782143,0
1,20,c5,38,4227496429,0
1,21,b5,22,4195435714,0
1,22,d5,55,4261150000,0
1,23,a6,6,4163652857,0
1,24,c6,39,4229367143,0
1,25,b6,23,4197306429,0
1,26,d6,56,4263020714,0
1,27,a7,7,4165523571,0
1,28,c7,40,4231237857,0
1,29,b7,24,4199177143,0
1,30,d7,57,4264891429,0
1,31,a8,8,4167394286,0
1,32,c8,41,4233108571,0
1,33,b8,25,4201047857,0
1,34,d8,58,4266762143,0
1,35,a9,9,4169265000,0
1,36,c9,42,4234979286,0
1,37,b9,26,4202918571,0
1,38,d9,59,4268632857,0
1,39,a10,10,4171135714,0
1,40,c10,43,4236850000,0
1,41,b10,27,4204789286,0
1,42,d10,60,4270503571,0
1,43,a11,11,4173006429,0
1,44,c11,44,4238720714,0
1,45,b11,28,4206660000,0
1,46,d11,61,4272374286,0
1,47,a12,12,4174877143,0
1,48,c12,45,4240591429,0
1,49,b12,29,4208530714,0
1,50,d12,62,4274245000,0
1,51,a13,13,4176747857,0
1,52,c13,46,4242462143,0
1,53,b13,30,4210401429,0
1,54,d13,63,4276115714,0
1,55,a14,14,4178618571,0
1,56,c14,47,4244332857,0
1,57,b14,31,4212272143,0
1,58,d14,64,4277986429,0
1,59,a15,15,4180489286,0
1,60,c15,48,4246203571,0
1,61,b15,32,4214142857,0
1,62,d15,65,4279857143,0
1,63,a16,16,4182360000,0
1,64,c16,49,4248074286,0
2,-1,a0,0,4285857143,0
2,0,c0,33,4351571429,0
2,1,b0,17,4319510714,0
2,2,d0,50,4385225000,0
2,3,a1,1,4287727857,0
2,4,c1,34,4353442143,0
2,5,b1,18,4321381429,0
2,6,d1,51,4387095714,0
2,7,a2,2,4289598571,0
2,8,b2,35,4355312857,0
2,9,c2,19,4323252143,0
2,10,d2,52,4388966429,0
2,11,a0,3,4291469286,0
2,12,c0,36,4357183571,0
2,13,b0,20,4325122857,0
2,14,d0,53,4390837143,0
2,15,a1,4,4293340000,0
2,16,c1,37,4359054286,0
2,17,b1,21,4326993571,0
2,18,d1,54,4392707857,0
2,19,a2,5,4295210714,0
2,20,b2,38,4360925000,0
2,21,c2,22,4328864286,0
2,22,d2,55,4394578571,0
2,23,a0,6,4297081429,0
2,24,c0,39,4362795714,0
2,25,b0,23,4330735000,0
2,26,d0,56,4396449286,0
2,27,a1,7,4298952143,0
2,28,c1,40,4364666429,0
2,29,b1,24,4332605714,0
2,30,d1,57,4398320000,0
2,31,a2,8,4300822857,0
2,32,b2,41,4366537143,0
2,33,c2,25,4334476429,0
2,34,d2,58,4400190714,0
2,35,a0,9,4302693571,0
2,36,c0,42,4368407857,0
2,37,b0,26,4336347143,0
2,38,d0,59,4402061429,0
2,39,a1,10,4304564286,0
2,40,c1,43,4370278571,0
2,41,b1,27,4338217857,0
2,42,d1,60,4403932143,0
2,43,a2,11,4306435000,0
2,44,b2,44,4372149286,0
2,45,c2,28,4340088571,0
2,46,d2,61,4405802857,0
2,47,a0,12,4308305714,0
2,48,c0,45,4374020000,0
2,49,b0,29,4341959286,0
2,50,d0,62,4407673571,0
2,51,a1,13,4310176429,0
2,52,c1,46,4375890714,0
2,53,b1,30,4343830000,0
2,54,d1,63,4409544286,0
2,55,a2,14,4312047143,0
2,56,b2,47,4377761429,0
2,57,c2,31,4345700714,0
2,58,d2,64,4411415000,0
2,59,a0,15,4313917857,0
2,60,c0,48,4379632143,0
2,61,b0,32,4347571429,0
2,62,d0,65,4413285714,0
2,63,a1,16,4315788571,0
2,64,c1,49,4381502857,0
3,-1,a0,0,4419285714,0
3,0,c0,33,4519000000,0
3,1,b0,17,4452939286,0
3,2,d0,50,4552653571,0
3,3,a1,1,4421156429,0
3,4,c1,34,4520870714,0
3,5,b1,18,4454810000,0
3,6,d1,51,4554524286,0
3,7,a2,2,4423027143,0
3,8,c2,35,4522741429,0
3,9,b2,19,4456680714,0
3,10,d2,52,4556395000,0
3,11,a3,3,4424897857,0
3,12,c3,36,4524612143,0
3,13,b3,20,4458551429,0
3,14,d3,53,4558265714,0
3,15,a4,4,4426768571,0
3,16,c4,37,4526482857,0
3,17,b4,21,4460422143,0
3,18,d4,54,4560136429,0
3,19,a5,5,4428639286,0
3,20,c5,38,4528353571,0
3,21,b5,22,4462292857,0
3,22,d5,55,4562007143,0
3,23,a6,6,4430510000,0
3,24,c6,39,4530224286,0
3,25,b6,23,4464163571,0
3,26,d6,56,4563877857,0
3,27,a7,7,4432380714,0
3,28,c7,40,4532095000,0
3,29,b7,24,4466034286,0
3,30,d7,57,4565748571,0
3,31,a8,8,4434251429,0
3,32,c8,41,4533965714,0
3,33,b8,25,4467905000,0
3,34,d8,58,4567619286,0
3,35,a9,9,4436122143,0
3,36,c9,42,4535836429,0
3,37,b9,26,4469775714,0
3,38,d9,59,4569490000,0
3,39,a10,10,4437992857,0
3,40,c10,43,4537707143,0
3,41,b10,27,4471646429,0
3,42,d10,60,4571360714,0
3,43,a11,11,4439863571,0
3,44,c11,44,4539577857,0
3,45,b11,28,4473517143,0
3,46,d11,61,4573231429,0
3,47,a12,12,4441734286,0
3,48,c12,45,4541448571,0
3,49,b12,29,4475387857,0
3,50,d12,62,4575102143,0
3,51,a13,13,4443605000,0
3,52,c13,46,4543319286,0
3,53,b13,30,4477258571,0
3,54,d13,63,4576972857,0
3,55,a14,14,4445475714,0
3,56,c14,47,4545190000,0
3,57,b14,31,4479129286,0
3,58,d14,64,4578843571,0
3,59,a15,15,4447346429,0
3,60,c15,48,4547060714,0
3,61,b15,32,4481000000,0
3,62,d15,65,4580714286,0
3,63,a16,16,4449217143,0
3,64,c16,49,4548931429,0
4,-1,a0,0,4584714286,0
4,0,c0,33,4652428571,0
4,1,b0,17,4618367857,0
4,2,d0,50,4686082143,0
4,3,a1,1,4586585000,0
4,4,c1,34,4654299286,0
4,5,b1,18,4620238571,0
4,6,d1,51,4687952857,0
4,7,a2,2,4588455714,0
4,8,c2,35,4656170000,0
4,9,b2,19,4622109286,0
4,10,d2,52,4689823571,0
4,11,a3,3,4590326429,0
4,12,c3,36,4658040714,0
4,13,b3,20,4623980000,0
4,14,d3,53,4691694286,0
4,15,a4,4,4592197143,0
4,16,c4,37,4659911429,0
4,17,b4,21,4625850714,0
4,18,d4,54,4693565000,0
4,19,a5,5,4594067857,0
4,20,c5,38,4661782143,0
4,21,b5,22,4627721429,0
4,22,d5,55,4695435714,0
4,23,a6,6,4595938571,0
4,24,c6,39,4663652857,0
4,25,b6,23,4629592143,0
4,26,d6,56,4697306429,0
4,27,a7,7,4597809286,0
4,28,c7,40,4665523571,0
4,29,b7,24,4631462857,0
4,30,d7,57,4699177143,0
4,31,a8,8,4599680000,0
4,32,c8,41,4667394286,0
4,33,b8,25,4633333571,0
4,34,d8,58,4701047857,0
4,35,a9,9,4601550714,0
4,36,c9,42,4669265000,0
4,37,b9,26,4635204286,0
4,38,d9,59,4702918571,0
4,39,a10,10,4603421429,0
4,40,c10,43,4671135714,0
4,41,b10,27,4637075000,0
4,42,d10,60,4704789286,0
4,43,a11,11,4605292143,0
4,44,c11,44,4673006429,0
4,45,b11,28,4638945714,0
4,46,d11,61,4706660000,0
4,47,a12,12,4607162857,0
4,48,c12,45,4674877143,0
4,49,b12,29,4640816429,0
4,50,d12,62,4708530714,0
4,51,a13,13,4609033571,0
4,52,c13,46,4676747857,0
4,53,b13,30,4642687143,0
4,54,d13,63,4710401429,0
4,55,a14,14,4610904286,0
4,56,c14,47,4678618571,0
4,57,b14,31,4644557857,0
4,58,d14,64,4712272143,0
4,59,a15,15,4612775000,0
4,60,c15,48,4680489286,0
4,61,b15,32,4646428571,0
4,62,d15,65,4714142857,0
4,63,a16,16,4614645714,0
4,64,c16,49,4682360000,0
5,-1,a0,0,4718142857,0
5,0,c0,33,4785857143,0
5,1,b0,17,4751796429,0
5,2,d0,50,4819510714,0
5,3,a1,1,4720013571,0
5,4,c1,34,4787727857,0
5,5,b1,18,4753667143,0
5,6,d1,51,4821381429,0
5,7,a2,2,4721884286,0
5,8,c2,35,4789598571,0
5,9,b2,19,4755537857,0
5,10,d2,52,4823252143,0
5,11,a3,3,4723755000,0
5,12,c3,36,4791469286,0
5,13,b3,20,4757408571,0
5,14,d3,53,4825122857,0
5,15,a4,4,4725625714,0
5,16,c4,37,4793340000,0
5,17,b4,21,4759279286,0
5,18,d4,54,4826993571,0
5,19,a5,5,4727496429,0
5,20,c5,38,4795210714,0
5,21,b5,22,4761150000,0
5,22,d5,55,4828864286,0
5,23,a6,6,4729367143,0
5,24,c6,39,4797081429,0
5,25,b6,23,4763020714,0
5,26,d6,56,4830735000,0
5,27,a7,7,4731237857,0
5,28,c7,40,4798952143,0
5,29,b7,24,4764891429,0
5,30,d7,57,4832605714,0
5,31,a8,8,4733108571,0
5,32,c8,41,4800822857,0
5,33,b8,25,4766762143,0
5,34,d8,58,4834476429,0
5,35,a9,9,4734979286,0
5,36,c9,42,4802693571,0
5,37,b9,26,4768632857,0
5,38,d9,59,4836347143,0
5,39,a10,10,4736850000,0
5,40,c10,43,4804564286,0
5,41,b10,27,4770503571,0
5,42,d10,60,4838217857,0
5,43,a11,11,4738720714,0
5,44,c11,44,4806435000,0
5,45,b11,28,4772374286,0
5,46,d11,61,4840088571,0
5,47,a12,12,4740591429,0
5,48,c12,45,4808305714,0
5,49,b12,29,4774245000,0
5,50,d12,62,4841959286,0
5,51,a13,13,4742462143,0
5,52,c13,46,4810176429,0
5,53,b13,30,4776115714,0
5,54,d13,63,4843830000,0
5,55,a14,14,4744332857,0
5,56,c14,47,4812047143,0
5,57,b14,31,4777986429,0
5,58,d14,64,4845700714,0
5,59,a15,15,4746203571,0
5,60,c15,48,4813917857,0
5,61,b15,32,4779857143,0
5,62,d15,65,4847571429,0
5,63,a16,16,4748074286,0
5,64,c16,49,4815788571,0
6,-1,a0,0,4851571429,0
6,0,c0,33,4919285714,0
6,1,b0,17,4885225000,0
6,2,d0,50,4952939286,0
6,3,a1,1,4853442143,0
6,4,c1,34,4921156429,0
6,5,b1,18,4887095714,0
6,6,d1,51,4954810000,0
6,7,a2,2,4855312857,0
6,8,c2,35,4923027143,0
6,9,b2,19,4888966429,0
6,10,d2,52,4956680714,0
6,11,a3,3,4857183571,0
6,12,c3,36,4924897857,0
6,13,b3,20,4890837143,0
6,14,d3,53,4958551429,0
6,15,a4,4,4859054286,0
6,16,c4,37,4926768571,0
6,17,b4,21,4892707857,0
6,18,d4,54,4960422143,0
6,19,a5,5,4860925000,0
6,20,c5,38,4928639286,0
6,21,b5,22,4894578571,0
6,22,d5,55,4962292857,0
6,23,a6,6,4862795714,0
6,24,c6,39,4930510000,0
6,25,b6,23,4896449286,0
6,26,d6,56,4964163571,0
6,27,a7,7,4864666429,0
6,28,c7,40,4932380714,0
6,29,b7,24,4898320000,0
6,30,d7,57,4966034286,0
6,31,a8,8,4866537143,0
6,32,c8,41,4934251429,0
6,33,b8,25,4900190714,0
6,34,d8,58,4967905000,0
6,35,a9,9,4868407857,0
6,36,c9,42,4936122143,0
6,37,b9,26,4902061429,0
6,38,d9,59,4969775714,0
6,39,a10,10,4870278571,0
6,40,c10,43,4937992857,0
6,41,b10,27,4903932143,0
6,42,d10,60,4971646429,0
6,43,a11,11,4872149286,0
6,44,c11,44,4939863571,0
6,45,b11,28,4905802857,0
6,46,d11,61,4973517143,0
6,47,a12,12,4874020000,0
6,48,c12,45,4941734286,0
6,49,b12,29,4907673571,0
6,50,d12,62,4975387857,0
6,51,a13,13,4875890714,0
6,52,c13,46,4943605000,0
6,53,b13,30,4909544286,0
6,54,d13,63,4977258571,0
6,55,a14,14,4877761429,0
6,56,c14,47,4945475714,0
6,57,b14,31,4911415000,0
6,58,d14,64,4979129286,0
6,59,a15,15,4879632143,0
6,60,c15,48,4947346429,0
6,61,b15,32,4913285714,0
6,62,d15,65,4981000000,0
6,63,a16,16,4881502857,0
6,64,c16,49,4949217143,0
7,-1,a0,0,5019000000,0
7,0,c0,33,5084714286,0
7,1,b0,17,5052653571,0
7,2,d0,50,5118367857,0
7,3,a1,1,5020870714,0
7,4,c1,34,5086585000,0
7,5,b1,18,5054524286,0
7,6,d1,51,5120238571,0
7,7,a2,2,5022741429,0
7,8,b2,35,5088455714,0
7,9,c2,19,5056395000,0
7,10,d2,52,5122109286,0
7,11,a0,3,5024612143,0
7,12,c0,36,5090326429,0
7,13,b0,20,5058265714,0
7,14,d0,53,5123980000,0
7,15,a1,4,5026482857,0
7,16,c1,37,5092197143,0
7,17,b1,21,5060136429,0
7,18,d1,54,5125850714,0
7,19,a2,5,5028353571,0
7,20,b2,38,5094067857,0
7,21,c2,22,5062007143,0
7,22,d2,55,5127721429,0
7,23,a0,6,5030224286,0
7,24,c0,39,5095938571,0
7,25,b0,23,5063877857,0
7,26,d0,56,5129592143,0
7,27,a1,7,5032095000,0
7,28,c1,40,5097809286,0
7,29,b1,24,5065748571,0
7,30,d1,57,5131462857,0
7,31,a2,8,5033965714,0
7,32,b2,41,5099680000,0
7,33,c2,25,5067619286,0
7,34,d2,58,5133333571,0
7,35,a0,9,5035836429,0
7,36,c0,42,5101550714,0
7,37,b0,26,5069490000,0
7,38,d0,59,5135204286,0
7,39,a1,10,5037707143,0
7,40,c1,43,5103421429,0
7,41,b1,27,5071360714,0
7,42,d1,60,5137075000,0
7,43,a2,11,5039577857,0
7,44,b2,44,5105292143,0
7,45,c2,28,5073231429,0
7,46,d2,61,5138945714,0
7,47,a0,12,5041448571,0
7,48,c0,45,5107162857,0
7,49,b0,29,5075102143,0
7,50,d0,62,5140816429,0
7,51,a1,13,5043319286,0
7,52,c1,46,5109033571,0
7,53,b1,30,5076972857,0
7,54,d1,63,5142687143,0
7,55,a2,14,5045190000,0
7,56,b2,47,5110904286,0
7,57,c2,31,5078843571,0
7,58,d2,64,5144557857,0
7,59,a0,15,5047060714,0
7,60,c0,48,5112775000,0
7,61,b0,32,5080714286,0
7,62,d0,65,5146428571,0
7,63,a1,16,5048931429,0
7,64,c1,49,5114645714,0
8,-1,a0,0,5152428571,0
8,0,c0,33,5218142857,0
8,1,b0,17,5186082143,0
8,2,d0,50,5251796429,0
8,3,a1,1,5154299286,0
8,4,c1,34,5220013571,0
8,5,b1,18,5187952857,0
8,6,d1,51,5253667143,0
8,7,a2,2,5156170000,0
8,8,c2,35,5221884286,0
8,9,b2,19,5189823571,0
8,10,d2,52,5255537857,0
8,11,a3,3,5158040714,0
8,12,c3,36,5223755000,0
8,13,b3,20,5191694286,0
8,14,d3,53,5257408571,0
8,15,a4,4,5159911429,0
8,16,c4,37,5225625714,0
8,17,b4,21,5193565000,0
8,18,d4,54,5259279286,0
8,19,a5,5,5161782143,0
8,20,c5,38,5227496429,0
8,21,b5,22,5195435714,0
8,22,d5,55,5261150000,0
8,23,a6,6,5163652857,0
8,24,c6,39,5229367143,0
8,25,b6,23,5197306429,0
8,26,d6,56,5263020714,0
8,27,a7,7,5165523571,0
8,28,c7,40,5231237857,0
8,29,b7,24,5199177143,0
8,30,d7,57,5264891429,0
8,31,a8,8,5167394286,0
8,32,c8,41,5233108571,0
8,33,b8,25,5201047857,0
8,34,d8,58,5266762143,0
8,35,a9,9,5169265000,0
8,36,c9,42,5234979286,0
8,37,b9,26,5202918571,0
8,38,d9,59,5268632857,0
8,39,a10,10,5171135714,0
8,40,c10,43,5236850000,0
8,41,b10,27,5204789286,0
8,42,d10,60,5270503571,0
8,43,a11,11,5173006429,0
8,44,c11,44,5238720714,0
8,45,b11,28,5206660000,0
8,46,d11,61,5272374286,0
8,47,a12,12,5174877143,0
8,48,c12,45,5240591429,0
8,49,b12,29,5208530714,0
8,50,d12,62,5274245000,0
8,51,a13,13,5176747857,0
8,52,c13,46,5242462143,0
8,53,b13,30,5210401429,0
8,54,d13,63,5276115714,0
8,55,a14,14,5178618571,0
8,56,c14,47,5244332857,0
8,57,b14,31,5212272143,0
8,58,d14,64,5277986429,0
8,59,a15,15,5180489286,0
8,60,c15,48,5246203571,0
8,61,b15,32,5214142857,0
8,62,d15,65,5279857143,0
8,63,a16,16,5182360000,0
8,64,c16,49,5248074286,0
9,-1,a0,0,5285857143,0
9,0,c0,33,5351571429,0
9,1,b0,17,5319510714,0
9,2,d0,50,5385225000,0
9,3,a1,1,5287727857,0
9,4,c1,34,5353442143,0
9,5,b1,18,5321381429,0
9,6,d1,51,5387095714,0
9,7,a2,2,5289598571,0
9,8,c2,35,5355312857,0
9,9,b2,19,5323252143,0
9,10,d2,52,5388966429,0
9,11,a3,3,5291469286,0
9,12,c3,36,5357183571,0
9,13,b3,20,5325122857,0
9,14,d3,53,5390837143,0
9,15,a4,4,5293340000,0
9,16,c4,37,5359054286,0
9,17,b4,21,5326993571,0
9,18,d4,54,5392707857,0
9,19,a5,5,5295210714,0
9,20,c5,38,5360925000,0
9,21,b5,22,5328864286,0
9,22,d5,55,5394578571,0
9,23,a6,6,5297081429,0
9,24,c6,39,5362795714,0
9,25,b6,23,5330735000,0
9,26,d6,56,5396449286,0
9,27,a7,7,5298952143,0
9,28,c7,40,5364666429,0
9,29,b7,24,5332605714,0
9,30,d7,57,5398320000,0
9,31,a8,8,5300822857,0
9,32,c8,41,5366537143,0
9,33,b8,25,5334476429,0
9,34,d8,58,5400190714,0
9,35,a9,9,5302693571,0
9,36,c9,42,5368407857,0
9,37,b9,26,5336347143,0
9,38,d9,59,5402061429,0
9,39,a10,10,5304564286,0
9,40,c10,43,5370278571,0
9,41,b10,27,5338217857,0
9,42,d10,60,5403932143,0
9,43,a11,11,5306435000,0
9,44,c11,44,5372149286,0
9,45,b11,28,5340088571,0
9,46,d11,61,5405802857,0
9,47,a12,12,5308305714,0
9,48,c12,45,5374020000,0
9,49,b12,29,5341959286,0
9,50,d12,62,5407673571,0
9,51,a13,13,5310176429,0
9,52,c13,46,5375890714,0
9,53,b13,30,5343830000,0
9,54,d13,63,5409544286,0
9,55,a14,14,5312047143,0
9,56,c14,47,5377761429,0
9,57,b14,31,5345700714,0
9,58,d14,64,5411415000,0
9,59,a15,15,5313917857,0
9,60,c15,48,5379632143,0
9,61,b15,32,5347571429,0
9,62,d15,65,5413285714,0
9,63,a16,16,5315788571,0
9,64,c16,49,5381502857,0
10,-1,a0,0,5419285714,0
10,0,c0,33,5519000000,0
10,1,b0,17,5452939286,0
10,2,d0,50,5552653571,0
10,3,a1,1,5421156429,0
10,4,c1,34,5520870714,0
10,5,b1,18,5454810000,0
10,6,d1,51,5554524286,0
10,7,a2,2,5423027143,0
10,8,c2,35,5522741429,0
10,9,b2,19,5456680714,0
10,10,d2,52,5556395000,0
10,11,a3,3,5424897857,0
10,12,c3,36,5524612143,0
10,13,b3,20,5458551429,0
10,14,d3,53,5558265714,0
10,15,a4,4,5426768571,0
10,16,c4,37,5526482857,0
10,17,b4,21,5460422143,0
10,18,d4,54,5560136429,0
10,19,a5,5,5428639286,0
10,20,c5,38,5528353571,0
10,21,b5,22,5462292857,0
10,22,d5,55,5562007143,0
10,23,a6,6,5430510000,0
10,24,c6,39,5530224286,0
10,25,b6,23,5464163571,0
10,26,d6,56,5563877857,0
10,27,a7,7,5432380714,0
10,28,c7,40,5532095000,0
10,29,b7,24,5466034286,0
10,30,d7,57,5565748571,0
10,31,a8,8,5434251429,0
10,32,c8,41,5533965714,0
10,33,b8,25,5467905000,0
10,34,d8,58,5567619286,0
10,35,a9,9,5436122143,0
10,36,c9,42,5535836429,0
10,37,b9,26,5469775714,0
10,38,d9,59,5569490000,0
10,39,a10,10,5437992857,0
10,40,c10,43,5537707143,0
10,41,b10,27,5471646429,0
10,42,d10,60,5571360714,0
10,43,a11,11,5439863571,0
10,44,c11,44,5539577857,0
10,45,b11,28,5473517143,0
10,46,d11,61,5573231429,0
10,47,a12,12,5441734286,0
10,48,c12,45,5541448571,0
10,49,b12,29,5475387857,0
10,50,d12,62,5575102143,0
10,51,a13,13,5443605000,0
10,52,c13,46,5543319286,0
10,53,b13,30,5477258571,0
10,54,d13,63,5576972857,0
10,55,a14,14,5445475714,0
10,56,c14,47,5545190000,0
10,57,b14,31,5479129286,0
10,58,d14,64,5578843571,0
10,59,a15,15,5447346429,0
10,60,c15,48,5547060714,0
10,61,b15,32,5481000000,0
10,62,d15,65,5580714286,0
10,63,a16,16,5449217143,0
10,64,c16,49,5548931429,0
11,-1,a0,0,5584714286,0
11,0,c0,33,5652428571,0
11,1,b0,17,5618367857,0
11,2,d0,50,5686082143,0
11,3,a1,1,5586585000,0
11,4,c1,34,5654299286,0
11,5,b1,18,5620238571,0
11,6,d1,51,5687952857,0
11,7,a2,2,5588455714,0
11,8,c2,35,5656170000,0
11,9,b2,19,5622109286,0
11,10,d2,52,5689823571,0
11,11,a3,3,5590326429,0
11,12,c3,36,5658040714,0
11,13,b3,20,5623980000,0
11,14,d3,53,5691694286,0
11,15,a4,4,5592197143,0
11,16,c4,37,5659911429,0
11,17,b4,21,5625850714,0
11,18,d4,54,5693565000,0
11,19,a5,5,5594067857,0
11,20,c5,38,5661782143,0
11,21,b5,22,5627721429,0
11,22,d5,55,5695435714,0
11,23,a6,6,5595938571,0
11,24,c6,39,5663652857,0
11,25,b6,23,5629592143,0
11,26,d6,56,5697306429,0
11,27,a7,7,5597809286,0
11,28,c7,40,5665523571,0
11,29,b7,24,5631462857,0
11,30,d7,57,5699177143,0
11,31,a8,8,5599680000,0
11,32,c8,41,5667394286,0
11,33,b8,25,5633333571,0
11,34,d8,58,5701047857,0
11,35,a9,9,5601550714,0
11,36,c9,42,5669265000,0
11,37,b9,26,5635204286,0
11,38,d9,59,5702918571,0
11,39,a10,10,5603421429,0
11,40,c10,43,5671135714,0
11,41,b10,27,5637075000,0
11,42,d10,60,5704789286,0
11,43,a11,11,5605292143,0
11,44,c11,44,5673006429,0
11,45,b11,28,5638945714,0
11,46,d11,61,5706660000,0
11,47,a12,12,5607162857,0
11,48,c12,45,5674877143,0
11,49,b12,29,5640816429,0
11,50,d12,62,5708530714,0
11,51,a13,13,5609033571,0
11,52,c13,46,5676747857,0
11,53,b13,30,5642687143,0
11,54,d13,63,5710401429,0
11,55,a14,14,5610904286,0
11,56,c14,47,5678618571,0
11,57,b14,31,5644557857,0
11,58,d14,64,5712272143,0
11,59,a15,15,5612775000,0
11,60,c15,48,5680489286,0
11,61,b15,32,5646428571,0
11,62,d15,65,5714142857,0
11,63,a16,16,5614645714,0
11,64,c16,49,5682360000,0
12,-1,a0,0,5718142857,0
12,0,c0,33,5785857143,0
12,1,b0,17,5751796429,0
12,2,d0,50,5819510714,0
12,3,a1,1,5720013571,0
12,4,c1,34,5787727857,0
12,5,b1,18,5753667143,0
12,6,d1,51,5821381429,0
12,7,a2,2,5721884286,0
12,8,b2,35,5789598571,0
12,9,c2,19,5755537857,0
12,10,d2,52,5823252143,0
12,11,a0,3,5723755000,0
12,12,c0,36,5791469286,0
12,13,b0,20,5757408571,0
12,14,d0,53,5825122857,0
12,15,a1,4,5725625714,0
12,16,c1,37,5793340000,0
12,17,b1,21,5759279286,0
12,18,d1,54,5826993571,0
12,19,a2,5,5727496429,0
12,20,b2,38,5795210714,0
12,21,c2,22,5761150000,0
12,22,d2,55,5828864286,0
12,23,a0,6,5729367143,0
12,24,c0,39,5797081429,0
12,25,b0,23,5763020714,0
12,26,d0,56,5830735000,0
12,27,a1,7,5731237857,0
12,28,c1,40,5798952143,0
12,29,b1,24,5764891429,0
12,30,d1,57,5832605714,0
12,31,a2,8,5733108571,0
12,32,b2,41,5800822857,0
12,33,c2,25,5766762143,0
12,34,d2,58,5834476429,0
12,35,a0,9,5734979286,0
12,36,c0,42,5802693571,0
12,37,b0,26,5768632857,0
12,38,d0,59,5836347143,0
12,39,a1,10,5736850000,0
12,40,c1,43,5804564286,0
12,41,b1,27,5770503571,0
12,42,d1,60,5838217857,0
12,43,a2,11,5738720714,0
12,44,b2,44,5806435000,0
12,45,c2,28,5772374286,0
12,46,d2,61,5840088571,0
12,47,a0,12,5740591429,0
12,48,c0,45,5808305714,0
12,49,b0,29,5774245000,0
12,50,d0,62,5841959286,0
12,51,a1,13,5742462143,0
12,52,c1,46,5810176429,0
12,53,b1,30,5776115714,0
12,54,d1,63,5843830000,0
12,55,a2,14,5744332857,0
12,56,b2,47,5812047143,0
12,57,c2,31,5777986429,0
12,58,d2,64,5845700714,0
12,59,a0,15,5746203571,0
12,60,c0,48,5813917857,0
12,61,b0,32,5779857143,0
12,62,d0,65,5847571429,0
12,63,a1,16,5748074286,0
12,64,c1,49,5815788571,0
13,-1,a0,0,5851571429,0
13,0,c0,33,5919285714,0
13,1,b0,17,5885225000,0
13,2,d0,50,5952939286,0
13,3,a1,1,5853442143,0
13,4,c1,34,5921156429,0
13,5,b1,18,5887095714,0
13,6,d1,51,5954810000,0
13,7,a2,2,5855312857,0
13,8,c2,35,5923027143,0
13,9,b2,19,5888966429,0
13,10,d2,52,5956680714,0
13,11,a3,3,5857183571,0
13,12,c3,36,5924897857,0
13,13,b3,20,5890837143,0
13,14,d3,53,5958551429,0
13,15,a4,4,5859054286,0
13,16,c4,37,5926768571,0
13,17,b4,21,5892707857,0
13,18,d4,54,5960422143,0
13,19,a5,5,5860925000,0
13,20,c5,38,5928639286,0
13,21,b5,22,5894578571,0
13,22,d5,55,5962292857,0
13,23,a6,6,5862795714,0
13,24,c6,39,5930510000,0
13,25,b6,23,5896449286,0
13,26,d6,56,5964163571,0
13,27,a7,7,5864666429,0
13,28,c7,40,5932380714,0
13,29,b7,24,5898320000,0
13,30,d7,57,5966034286,0
13,31,a8,8,5866537143,0
13,32,c8,41,5934251429,0
13,33,b8,25,5900190714,0
13,34,d8,58,5967905000,0
13,35,a9,9,5868407857,0
13,36,c9,42,5936122143,0
13,37,b9,26,5902061429,0
13,38,d9,59,5969775714,0
13,39,a10,10,5870278571,0
13,40,c10,43,5937992857,0
13,41,b10,27,5903932143,0
13,42,d10,60,5971646429,0
13,43,a11,11,5872149286,0
13,44,c11,44,5939863571,0
13,45,b11,28,5905802857,0
13,46,d11,61,5973517143,0
13,47,a12,12,5874020000,0
13,48,c12,45,5941734286,0
13,49,b12,29,5907673571,0
13,50,d12,62,5975387857,0
13,51,a13,13,5875890714,0
13,52,c13,46,5943605000,0
13,53,b13,30,5909544286,0
13,54,d13,63,5977258571,0
13,55,a14,14,5877761429,0
13,56,c14,47,5945475714,0
13,57,b14,31,5911415000,0
13,58,d14,64,5979129286,0
13,59,a15,15,5879632143,0
13,60,c15,48,5947346429,0
13,61,b15,32,5913285714,0
13,62,d15,65,5981000000,0
13,63,a16,16,5881502857,0
13,64,c16,49,5949217143,0
14,-1,a0,0,6019000000,0
14,0,c0,33,6084714286,0
14,1,b0,17,6052653571,0
14,2,d0,50,6118367857,0
14,3,a1,1,6020870714,0
14,4,c1,34,6086585000,0
14,5,b1,18,6054524286,0
14,6,d1,51,6120238571,0
14,7,a2,2,6022741429,0
14,8,c2,35,6088455714,0
14,9,b2,19,6056395000,0
14,10,d2,52,6122109286,0
14,11,a3,3,6024612143,0
14,12,c3,36,6090326429,0
14,13,b3,20,6058265714,0
14,14,d3,53,6123980000,0
14,15,a4,4,6026482857,0
14,16,c4,37,6092197143,0
14,17,b4,21,6060136429,0
14,18,d4,54,6125850714,0
14,19,a5,5,6028353571,0
14,20,c5,38,6094067857,0
14,21,b5,22,6062007143,0
14,22,d5,55,6127721429,0
14,23,a6,6,6030224286,0
14,24,c6,39,6095938571,0
14,25,b6,23,6063877857,0
14,26,d6,56,6129592143,0
14,27,a7,7,6032095000,0
14,28,c7,40,6097809286,0
14,29,b7,24,6065748571,0
14,30,d7,57,6131462857,0
14,31,a8,8,6033965714,0
14,32,c8,41,6099680000,0
14,33,b8,25,6067619286,0
14,34,d8,58,6133333571,0
14,35,a9,9,6035836429,0
14,36,c9,42,6101550714,0
14,37,b9,26,6069490000,0
14,38,d9,59,6135204286,0
14,39,a10,10,6037707143,0
14,40,c10,43,6103421429,0
14,41,b10,27,6071360714,0
14,42,d10,60,6137075000,0
14,43,a11,11,6039577857,0
14,44,c11,44,6105292143,0
14,45,b11,28,6073231429,0
14,46,d11,61,6138945714,0
14,47,a12,12,6041448571,0
14,48,c12,45,6107162857,0
14,49,b12,29,6075102143,0
14,50,d12,62,6140816429,0
14,51,a13,13,6043319286,0
14,52,c13,46,6109033571,0
14,53,b13,30,6076972857,0
14,54,d13,63,6142687143,0
14,55,a14,14,6045190000,0
14,56,c14,47,6110904286,0
14,57,b14,31,6078843571,0
14,58,d14,64,6144557857,0
14,59,a15,15,6047060714,0
14,60,c15,48,6112775000,0
14,61,b15,32,6080714286,0
14,62,d15,65,6146428571,0
14,63,a16,16,6048931429,0
14,64,c16,49,6114645714,0
15,-1,a0,0,6152428571,0
15,0,c0,33,6218142857,0
15,1,b0,17,6186082143,0
15,2,d0,50,6251796429,0
15,3,a1,1,6154299286,0
15,4,c1,34,6220013571,0
15,5,b1,18,6187952857,0
15,6,d1,51,6253667143,0
15,7,a2,2,6156170000,0
15,8,c2,35,6221884286,0
15,9,b2,19,6189823571,0
15,10,d2,52,6255537857,0
15,11,a3,3,6158040714,0
15,12,c3,36,6223755000,0
15,13,b3,20,6191694286,0
15,14,d3,53,6257408571,0
15,15,a4,4,6159911429,0
15,16,c4,37,6225625714,0
15,17,b4,21,6193565000,0
15,18,d4,54,6259279286,0
15,19,a5,5,6161782143,0
15,20,c5,38,6227496429,0
15,21,b5,22,6195435714,0
15,22,d5,55,6261150000,0
15,23,a6,6,6163652857,0
15,24,c6,39,6229367143,0
15,25,b6,23,6197306429,0
15,26,d6,56,6263020714,0
15,27,a7,7,6165523571,0
15,28,c7,40,6231237857,0
15,29,b7,24,6199177143,0
15,30,d7,57,6264891429,0
15,31,a8,8,6167394286,0
15,32,c8,41,6233108571,0
15,33,b8,25,6201047857,0
15,34,d8,58,6266762143,0
15,35,a9,9,6169265000,0
15,36,c9,42,6234979286,0
15,37,b9,26,6202918571,0
15,38,d9,59,6268632857,0
15,39,a10,10,6171135714,0
15,40,c10,43,6236850000,0
15,41,b10,27,6204789286,0
15,42,d10,60,6270503571,0
15,43,a11,11,6173006429,0
15,44,c11,44,6238720714,0
15,45,b11,28,6206660000,0
15,46,d11,61,6272374286,0
15,47,a12,12,6174877143,0
15,48,c12,45,6240591429,0
15,49,b12,29,6208530714,0
15,50,d12,62,6274245000,0
15,51,a13,13,6176747857,0
15,52,c13,46,6242462143,0
15,53,b13,30,6210401429,0
15,54,d13,63,6276115714,0
15,55,a14,14,6178618571,0
15,56,c14,47,6244332857,0
15,57,b14,31,6212272143,0
15,58,d14,64,6277986429,0
15,59,a15,15,6180489286,0
15,60,c15,48,6246203571,0
15,61,b15,32,6214142857,0
15,62,d15,65,6279857143,0
15,63,a16,16,6182360000,0
15,64,c16,49,6248074286,0
16,-1,a0,0,6285857143,0
16,0,c0,33,6351571429,0
16,1,b0,17,6319510714,0
16,2,d0,50,6385225000,0
16,3,a1,1,6287727857,0
16,4,c1,34,6353442143,0
16,5,b1,18,6321381429,0
16,6,d1,51,6387095714,0
16,7,a2,2,6289598571,0
16,8,c2,35,6355312857,0
16,9,b2,19,6323252143,0
16,10,d2,52,6388966429,0
16,11,a3,3,6291469286,0
16,12,c3,36,6357183571,0
16,13,b3,20,6325122857,0
16,14,d3,53,6390837143,0
16,15,a4,4,6293340000,0
16,16,c4,37,6359054286,0
16,17,b4,21,6326993571,0
16,18,d4,54,6392707857,0
16,19,a5,5,6295210714,0
16,20,c5,38,6360925000,0
16,21,b5,22,6328864286,0
16,22,d5,55,6394578571,0
16,23,a6,6,6297081429,0
16,24,c6,39,6362795714,0
16,25,b6,23,6330735000,0
16,26,d6,56,6396449286,0
16,27,a7,7,6298952143,0
16,28,c7,40,6364666429,0
16,29,b7,24,6332605714,0
16,30,d7,57,6398320000,0
16,31,a8,8,6300822857,0
16,32,c8,41,6366537143,0
16,33,b8,25,6334476429,0
16,34,d8,58,6400190714,0
16,35,a9,9,6302693571,0
16,36,c9,42,6368407857,0
16,37,b9,26,6336347143,0
16,38,d9,59,6402061429,0
16,39,a10,10,6304564286,0
16,40,c10,43,6370278571,0
16,41,b10,27,6338217857,0
16,42,d10,60,6403932143,0
16,43,a11,11,6306435000,0
16,44,c11,44,6372149286,0
16,45,b11,28,6340088571,0
16,46,d11,61,6405802857,0
16,47,a12,12,6308305714,0
16,48,c12,45,6374020000,0
16,49,b12,29,6341959286,0
16,50,d12,62,6407673571,0
16,51,a13,13,6310176429,0
16,52,c13,46,6375890714,0
16,53,b13,30,6343830000,0
16,54,d13,63,6409544286,0
16,55,a14,14,6312047143,0
16,56,c14,47,6377761429,0
16,57,b14,31,6345700714,0
16,58,d14,64,6411415000,0
16,59,a15,15,6313917857,0
16,60,c15,48,6379632143,0
16,61,b15,32,6347571429,0
16,62,d15,65,6413285714,0
16,63,a16,16,6315788571,0
16,64,c16,49,6381502857,0
17,-1,a0,0,6419285714,0
17,0,c0,33,6519000000,0
17,1,b0,17,6452939286,0
17,2,d0,50,6552653571,0
17,3,a1,1,6421156429,0
17,4,c1,34,6520870714,0
17,5,b1,18,6454810000,0
17,6,d1,51,6554524286,0
17,7,a2,2,6423027143,0
17,8,b2,35,6522741429,0
17,9,c2,19,6456680714,0
17,10,d2,52,6556395000,0
17,11,a0,3,6424897857,0
17,12,c0,36,6524612143,0
17,13,b0,20,6458551429,0
17,14,d0,53,6558265714,0
17,15,a1,4,6426768571,0
17,16,c1,37,6526482857,0
17,17,b1,21,6460422143,0
17,18,d1,54,6560136429,0
17,19,a2,5,6428639286,0
17,20,b2,38,6528353571,0
17,21,c2,22,6462292857,0
17,22,d2,55,6562007143,0
17,23,a0,6,6430510000,0
17,24,c0,39,6530224286,0
17,25,b0,23,6464163571,0
17,26,d0,56,6563877857,0
17,27,a1,7,6432380714,0
17,28,c1,40,6532095000,0
17,29,b1,24,6466034286,0
17,30,d1,57,6565748571,0
17,31,a2,8,6434251429,0
17,32,b2,41,6533965714,0
17,33,c2,25,6467905000,0
17,34,d2,58,6567619286,0
17,35,a0,9,6436122143,0
17,36,c0,42,6535836429,0
17,37,b0,26,6469775714,0
17,38,d0,59,6569490000,0
17,39,a1,10,6437992857,0
17,40,c1,43,6537707143,0
17,41,b1,27,6471646429,0
17,42,d1,60,6571360714,0
17,43,a2,11,6439863571,0
17,44,b2,44,6539577857,0
17,45,c2,28,6473517143,0
17,46,d2,61,6573231429,0
17,47,a0,12,6441734286,0
17,48,c0,45,6541448571,0
17,49,b0,29,6475387857,0
17,50,d0,62,6575102143,0
17,51,a1,13,6443605000,0
17,52,c1,46,6543319286,0
17,53,b1,30,6477258571,0
17,54,d1,63,6576972857,0
17,55,a2,14,6445475714,0
17,56,b2,47,6545190000,0
17,57,c2,31,6479129286,0
17,58,d2,64,6578843571,0
17,59,a0,15,6447346429,0
17,60,c0,48,6547060714,0
17,61,b0,32,6481000000,0
17,62,d0,65,6580714286,0
17,63,a1,16,6449217143,0
17,64,c1,49,6548931429,0
18,-1,a0,0,6584714286,0
18,0,c0,33,6652428571,0
18,1,b0,17,6618367857,0
18,2,d0,50,6686082143,0
18,3,a1,1,6586585000,0
18,4,c1,34,6654299286,0
18,5,b1,18,6620238571,0
18,6,d1,51,6687952857,0
18,7,a2,2,6588455714,0
18,8,c2,35,6656170000,0
18,9,b2,19,6622109286,0
18,10,d2,52,6689823571,0
18,11,a3,3,6590326429,0
18,12,c3,36,6658040714,0
18,13,b3,20,6623980000,0
18,14,d3,53,6691694286,0
18,15,a4,4,6592197143,0
18,16,c4,37,6659911429,0
18,17,b4,21,6625850714,0
18,18,d4,54,6693565000,0
18,19,a5,5,6594067857,0
18,20,c5,38,6661782143,0
18,21,b5,22,6627721429,0
18,22,d5,55,6695435714,0
18,23,a6,6,6595938571,0
18,24,c6,39,6663652857,0
18,25,b6,23,6629592143,0
18,26,d6,56,6697306429,0
18,27,a7,7,6597809286,0
18,28,c7,40,6665523571,0
18,29,b7,24,6631462857,0
18,30,d7,57,6699177143,0
18,31,a8,8,6599680000,0
18,32,c8,41,6667394286,0
18,33,b8,25,6633333571,0
18,34,d8,58,6701047857,0
18,35,a9,9,6601550714,0
18,36,c9,42,6669265000,0
18,37,b9,26,6635204286,0
18,38,d9,59,6702918571,0
18,39,a10,10,6603421429,0
18,40,c10,43,6671135714,0
18,41,b10,27,6637075000,0
18,42,d10,60,6704789286,0
18,43,a11,11,6605292143,0
18,44,c11,44,6673006429,0
18,45,b11,28,6638945714,0
18,46,d11,61,6706660000,0
18,47,a12,12,6607162857,0
18,48,c12,45,6674877143,0
18,49,b12,29,6640816429,0
18,50,d12,62,6708530714,0
18,51,a13,13,6609033571,0
18,52,c13,46,6676747857,0
18,53,b13,30,6642687143,0
18,54,d13,63,6710401429,0
18,55,a14,14,6610904286,0
18,56,c14,47,6678618571,0
18,57,b14,31,6644557857,0
18,58,d14,64,6712272143,0
18,59,a15,15,6612775000,0
18,60,c15,48,6680489286,0
18,61,b15,32,6646428571,0
18,62,d15,65,6714142857,0
18,63,a16,16,6614645714,0
18,64,c16,49,6682360000,0
19,-1,a0,0,6718142857,0
19,0,c0,33,6785857143,0
19,1,b0,17,6751796429,0
19,2,d0,50,6819510714,0
19,3,a1,1,6720013571,0
19,4,c1,34,6787727857,0
19,5,b1,18,6753667143,0
19,6,d1,51,6821381429,0
19,7,a2,2,6721884286,0
19,8,c2,35,6789598571,0
19,9,b2,19,6755537857,0
19,10,d2,52,6823252143,0
19,11,a3,3,6723755000,0
19,12,c3,36,6791469286,0
19,13,b3,20,6757408571,0
19,14,d3,53,6825122857,0
19,15,a4,4,6725625714,0
19,16,c4,37,6793340000,0
19,17,b4,21,6759279286,0
19,18,d4,54,6826993571,0
19,19,a5,5,6727496429,0
19,20,c5,38,6795210714,0
19,21,b5,22,6761150000,0
19,22,d5,55,6828864286,0
19,23,a6,6,6729367143,0
19,24,c6,39,6797081429,0
19,25,b6,23,6763020714,0
19,26,d6,56,6830735000,0
19,27,a7,7,6731237857,0
19,28,c7,40,6798952143,0
19,29,b7,24,6764891429,0
19,30,d7,57,6832605714,0
19,31,a8,8,6733108571,0
19,32,c8,41,6800822857,0
19,33,b8,25,6766762143,0
19,34,d8,58,6834476429,0
19,35,a9,9,6734979286,0
19,36,c9,42,6802693571,0
19,37,b9,26,6768632857,0
19,38,d9,59,6836347143,0
19,39,a10,10,6736850000,0
19,40,c10,43,6804564286,0
19,41,b10,27,6770503571,0
19,42,d10,60,6838217857,0
19,43,a11,11,6738720714,0
19,44,c11,44,6806435000,0
19,45,b11,28,6772374286,0
19,46,d11,61,6840088571,0
19,47,a12,12,6740591429,0
19,48,c12,45,6808305714,0
19,49,b12,29,6774245000,0
19,50,d12,62,6841959286,0
19,51,a13,13,6742462143,0
19,52,c13,46,6810176429,0
19,53,b13,30,6776115714,0
19,54,d13,63,6843830000,0
19,55,a14,14,6744332857,0
19,56,c14,47,6812047143,0
19,57,b14,31,6777986429,0
19,58,d14,64,6845700714,0
19,59,a15,15,6746203571,0
19,60,c15,48,6813917857,0
19,61,b15,32,6779857143,0
19,62,d15,65,6847571429,0
19,63,a16,16,6748074286,0
19,64,c16,49,6815788571,0
20,-1,a0,0,6851571429,0
20,0,c0,33,6919285714,0
20,1,b0,17,6885225000,0
20,2,d0,50,6952939286,0
20,3,a1,1,6853442143,0
20,4,c1,34,6921156429,0
20,5,b1,18,6887095714,0
20,6,d1,51,6954810000,0
20,7,a2,2,6855312857,0
20,8,c2,35,6923027143,0
20,9,b2,19,6888966429,0
20,10,d2,52,6956680714,0
20,11,a3,3,6857183571,0
20,12,c3,36,6924897857,0
20,13,b3,20,6890837143,0
20,14,d3,53,6958551429,0
20,15,a4,4,6859054286,0
20,16,c4,37,6926768571,0
20,17,b4,21,6892707857,0
20,18,d4,54,6960422143,0
20,19,a5,5,6860925000,0
20,20,c5,38,6928639286,0
20,21,b5,22,6894578571,0
20,22,d5,55,6962292857,0
20,23,a6,6,6862795714,0
20,24,c6,39,6930510000,0
20,25,b6,23,6896449286,0
20,26,d6,56,6964163571,0
20,27,a7,7,6864666429,0
20,28,c7,40,6932380714,0
20,29,b7,24,6898320000,0
20,30,d7,57,6966034286,0
20,31,a8,8,6866537143,0
20,32,c8,41,6934251429,0
20,33,b8,25,6900190714,0
20,34,d8,58,6967905000,0
20,35,a9,9,6868407857,0
20,36,c9,42,6936122143,0
20,37,b9,26,6902061429,0
20,38,d9,59,6969775714,0
20,39,a10,10,6870278571,0
20,40,c10,43,6937992857,0
20,41,b10,27,6903932143,0
20,42,d10,60,6971646429,0
20,43,a11,11,6872149286,0
20,44,c11,44,6939863571,0
20,45,b11,28,6905802857,0
20,46,d11,61,6973517143,0
20,47,a12,12,6874020000,0
20,48,c12,45,6941734286,0
20,49,b12,29,6907673571,0
20,50,d12,62,6975387857,0
20,51,a13,13,6875890714,0
20,52,c13,46,6943605000,0
20,53,b13,30,6909544286,0
20,54,d13,63,6977258571,0
20,55,a14,14,6877761429,0
20,56,c14,47,6945475714,0
20,57,b14,31,6911415000,0
20,58,d14,64,6979129286,0
20,59,a15,15,6879632143,0
20,60,c15,48,6947346429,0
20,61,b15,32,6913285714,0
20,62,d15,65,6981000000,0
20,63,a16,16,6881502857,0
20,64,c16,49,6949217143,0
21,-1,a0,0,7019000000,0
21,0,c0,33,7084714286,0
21,1,b0,17,7052653571,0
21,2,d0,50,7118367857,0
21,3,a1,1,7020870714,0
21,4,c1,34,7086585000,0
21,5,b1,18,7054524286,0
21,6,d1,51,7120238571,0
21,7,a2,2,7022741429,0
21,8,c2,35,7088455714,0
21,9,b2,19,7056395000,0
21,10,d2,52,7122109286,0
21,11,a3,3,7024612143,0
21,12,c3,36,7090326429,0
21,13,b3,20,7058265714,0
21,14,d3,53,7123980000,0
21,15,a4,4,7026482857,0
21,16,c4,37,7092197143,0
21,17,b4,21,7060136429,0
21,18,d4,54,7125850714,0
21,19,a5,5,7028353571,0
21,20,c5,38,7094067857,0
21,21,b5,22,7062007143,0
21,22,d5,55,7127721429,0
21,23,a6,6,7030224286,0
21,24,c6,39,7095938571,0
21,25,b6,23,7063877857,0
21,26,d6,56,7129592143,0
21,27,a7,7,7032095000,0
21,28,c7,40,7097809286,0
21,29,b7,24,7065748571,0
21,30,d7,57,7131462857,0
21,31,a8,8,7033965714,0
21,32,c8,41,7099680000,0
21,33,b8,25,7067619286,0
21,34,d8,58,7133333571,0
21,35,a9,9,7035836429,0
21,36,c9,42,7101550714,0
21,37,b9,26,7069490000,0
21,38,d9,59,7135204286,0
21,39,a10,10,7037707143,0
21,40,c10,43,7103421429,0
21,41,b10,27,7071360714,0
21,42,d10,60,7137075000,0
21,43,a11,11,7039577857,0
21,44,c11,44,7105292143,0
21,45,b11,28,7073231429,0
21,46,d11,61,7138945714,0
21,47,a12,12,7041448571,0
21,48,c12,45,7107162857,0
21,49,b12,29,7075102143,0
21,50,d12,62,7140816429,0
21,51,a13,13,7043319286,0
21,52,c13,46,7109033571,0
21,53,b13,30,7076972857,0
21,54,d13,63,7142687143,0
21,55,a14,14,7045190000,0
21,56,c14,47,7110904286,0
21,57,b14,31,7078843571,0
21,58,d14,64,7144557857,0
21,59,a15,15,7047060714,0
21,60,c15,48,7112775000,0
21,61,b15,32,7080714286,0
21,62,d15,65,7146428571,0
21,63,a16,16,7048931429,0
21,64,c16,49,7114645714,0
22,-1,a0,0,7152428571,0
22,0,c0,33,7218142857,0
22,1,b0,17,7186082143,0
22,2,d0,50,7251796429,0
22,3,a1,1,7154299286,0
22,4,c1,34,7220013571,0
22,5,b1,18,7187952857,0
22,6,d1,51,7253667143,0
22,7,a2,2,7156170000,0
22,8,b2,35,7221884286,0
22,9,c2,19,7189823571,0
22,10,d2,52,7255537857,0
22,11,a0,3,7158040714,0
22,12,c0,36,7223755000,0
22,13,b0,20,7191694286,0
22,14,d0,53,7257408571,0
22,15,a1,4,7159911429,0
22,16,c1,37,7225625714,0
22,17,b1,21,7193565000,0
22,18,d1,54,7259279286,0
22,19,a2,5,7161782143,0
22,20,b2,38,7227496429,0
22,21,c2,22,7195435714,0
22,22,d2,55,7261150000,0
22,23,a0,6,7163652857,0
22,24,c0,39,7229367143,0
22,25,b0,23,7197306429,0
22,26,d0,56,7263020714,0
22,27,a1,7,7165523571,0
22,28,c1,40,7231237857,0
22,29,b1,24,7199177143,0
22,30,d1,57,7264891429,0
22,31,a2,8,7167394286,0
22,32,b2,41,7233108571,0
22,33,c2,25,7201047857,0
22,34,d2,58,7266762143,0
22,35,a0,9,7169265000,0
22,36,c0,42,7234979286,0
22,37,b0,26,7202918571,0
22,38,d0,59,7268632857,0
22,39,a1,10,7171135714,0
22,40,c1,43,7236850000,0
22,41,b1,27,7204789286,0
22,42,d1,60,7270503571,0
22,43,a2,11,7173006429,0
22,44,b2,44,7238720714,0
22,45,c2,28,7206660000,0
22,46,d2,61,7272374286,0
22,47,a0,12,7174877143,0
22,48,c0,45,7240591429,0
22,49,b0,29,7208530714,0
22,50,d0,62,7274245000,0
22,51,a1,13,7176747857,0
22,52,c1,46,7242462143,0
22,53,b1,30,7210401429,0
22,54,d1,63,7276115714,0
22,55,a2,14,7178618571,0
22,56,b2,47,7244332857,0
22,57,c2,31,7212272143,0
22,58,d2,64,7277986429,0
22,59,a0,15,7180489286,0
22,60,c0,48,7246203571,0
22,61,b0,32,7214142857,0
22,62,d0,65,7279857143,0
22,63,a1,16,7182360000,0
22,64,c1,49,7248074286,0
23,-1,a0,0,7285857143,0
23,0,c0,33,7351571429,0
23,1,b0,17,7319510714,0
23,2,d0,50,7385225000,0
23,3,a1,1,7287727857,0
23,4,c1,34,7353442143,0
23,5,b1,18,7321381429,0
23,6,d1,51,7387095714,0
23,7,a2,2,7289598571,0
23,8,c2,35,7355312857,0
23,9,b2,19,7323252143,0
23,10,d2,52,7388966429,0
23,11,a3,3,7291469286,0
23,12,c3,36,7357183571,0
23,13,b3,20,7325122857,0
23,14,d3,53,7390837143,0
23,15,a4,4,7293340000,0
23,16,c4,37,7359054286,0
23,17,b4,21,7326993571,0
23,18,d4,54,7392707857,0
23,19,a5,5,7295210714,0
23,20,c5,38,7360925000,0
23,21,b5,22,7328864286,0
23,22,d5,55,7394578571,0
23,23,a6,6,7297081429,0
23,24,c6,39,7362795714,0
23,25,b6,23,7330735000,0
23,26,d6,56,7396449286,0
23,27,a7,7,7298952143,0
23,28,c7,40,7364666429,0
23,29,b7,24,7332605714,0
23,30,d7,57,7398320000,0
23,31,a8,8,7300822857,0
23,32,c8,41,7366537143,0
23,33,b8,25,7334476429,0
23,34,d8,58,7400190714,0
23,35,a9,9,7302693571,0
23,36,c9,42,7368407857,0
23,37,b9,26,7336347143,0
23,38,d9,59,7402061429,0
23,39,a10,10,7304564286,0
23,40,c10,43,7370278571,0
23,41,b10,27,7338217857,0
23,42,d10,60,7403932143,0
23,43,a11,11,7306435000,0
23,44,c11,44,7372149286,0
23,45,b11,28,7340088571,0
23,46,d11,61,7405802857,0
23,47,a12,12,7308305714,0
23,48,c12,45,7374020000,0
23,49,b12,29,7341959286,0
23,50,d12,62,7407673571,0
23,51,a13,13,7310176429,0
23,52,c13,46,7375890714,0
23,53,b13,30,7343830000,0
23,54,d13,63,7409544286,0
23,55,a14,14,7312047143,0
23,56,c14,47,7377761429,0
23,57,b14,31,7345700714,0
23,58,d14,64,7411415000,0
23,59,a15,15,7313917857,0
23,60,c15,48,7379632143,0
23,61,b15,32,7347571429,0
23,62,d15,65,7413285714,0
23,63,a16,16,7315788571,0
23,64,c16,49,7381502857,0
24,-1,a0,0,7419285714,0
24,0,c0,33,7519000000,0
24,1,b0,17,7452939286,0
24,2,d0,50,7552653571,0
24,3,a1,1,7421156429,0
24,4,c1,34,7520870714,0
24,5,b1,18,7454810000,0
24,6,d1,51,7554524286,0
24,7,a2,2,7423027143,0
24,8,c2,35,7522741429,0
24,9,b2,19,7456680714,0
24,10,d2,52,7556395000,0
24,11,a3,3,7424897857,0
24,12,c3,36,7524612143,0
24,13,b3,20,7458551429,0
24,14,d3,53,7558265714,0
24,15,a4,4,7426768571,0
24,16,c4,37,7526482857,0
24,17,b4,21,7460422143,0
24,18,d4,54,7560136429,0
24,19,a5,5,7428639286,0
24,20,c5,38,7528353571,0
24,21,b5,22,7462292857,0
24,22,d5,55,7562007143,0
24,23,a6,6,7430510000,0
24,24,c6,39,7530224286,0
24,25,b6,23,7464163571,0
24,26,d6,56,7563877857,0
24,27,a7,7,7432380714,0
24,28,c7,40,7532095000,0
24,29,b7,24,7466034286,0
24,30,d7,57,7565748571,0
24,31,a8,8,7434251429,0
24,32,c8,41,7533965714,0
24,33,b8,25,7467905000,0
24,34,d8,58,7567619286,0
24,35,a9,9,7436122143,0
24,36,c9,42,7535836429,0
24,37,b9,26,7469775714,0
24,38,d9,59,7569490000,0
24,39,a10,10,7437992857,0
24,40,c10,43,7537707143,0
24,41,b10,27,7471646429,0
24,42,d10,60,7571360714,0
24,43,a11,11,7439863571,0
24,44,c11,44,7539577857,0
24,45,b11,28,7473517143,0
24,46,d11,61,7573231429,0
24,47,a12,12,7441734286,0
24,48,c12,45,7541448571,0
24,49,b12,29,7475387857,0
24,50,d12,62,7575102143,0
24,51,a13,13,7443605000,0
24,52,c13,46,7543319286,0
24,53,b13,30,7477258571,0
24,54,d13,63,7576972857,0
24,55,a14,14,7445475714,0
24,56,c14,47,7545190000,0
24,57,b14,31,7479129286,0
24,58,d14,64,7578843571,0
24,59,a15,15,7447346429,0
24,60,c15,48,7547060714,0
24,61,b15,32,7481000000,0
24,62,d15,65,7580714286,0
24,63,a16,16,7449217143,0
24,64,c16,49,7548931429,0
25,-1,a0,0,7584714286,0
25,0,c0,33,7652428571,0
25,1,b0,17,7618367857,0
25,2,d0,50,7686082143,0
25,3,a1,1,7586585000,0
25,4,c1,34,7654299286,0
25,5,b1,18,7620238571,0
25,6,d1,51,7687952857,0
25,7,a2,2,7588455714,0
25,8,c2,35,7656170000,0
25,9,b2,19,7622109286,0
25,10,d2,52,7689823571,0
25,11,a3,3,7590326429,0
25,12,c3,36,7658040714,0
25,13,b3,20,7623980000,0
25,14,d3,53,7691694286,0
25,15,a4,4,7592197143,0
25,16,c4,37,7659911429,0
25,17,b4,21,7625850714,0
25,18,d4,54,7693565000,0
25,19,a5,5,7594067857,0
25,20,c5,38,7661782143,0
25,21,b5,22,7627721429,0
25,22,d5,55,7695435714,0
25,23,a6,6,7595938571,0
25,24,c6,39,7663652857,0
25,25,b6,23,7629592143,0
25,26,d6,56,7697306429,0
25,27,a7,7,7597809286,0
25,28,c7,40,7665523571,0
25,29,b7,24,7631462857,0
25,30,d7,57,7699177143,0
25,31,a8,8,7599680000,0
25,32,c8,41,7667394286,0
25,33,b8,25,7633333571,0
25,34,d8,58,7701047857,0
25,35,a9,9,7601550714,0
25,36,c9,42,7669265000,0
25,37,b9,26,7635204286,0
25,38,d9,59,7702918571,0
25,39,a10,10,7603421429,0
25,40,c10,43,7671135714,0
25,41,b10,27,7637075000,0
25,42,d10,60,7704789286,0
25,43,a11,11,7605292143,0
25,44,c11,44,7673006429,0
25,45,b11,28,7638945714,0
25,46,d11,61,7706660000,0
25,47,a12,12,7607162857,0
25,48,c12,45,7674877143,0
25,49,b12,29,7640816429,0
25,50,d12,62,7708530714,0
25,51,a13,13,7609033571,0
25,52,c13,46,7676747857,0
25,53,b13,30,7642687143,0
25,54,d13,63,7710401429,0
25,55,a14,14,7610904286,0
25,56,c14,47,7678618571,0
25,57,b14,31,7644557857,0
25,58,d14,64,7712272143,0
25,59,a15,15,7612775000,0
25,60,c15,48,7680489286,0
25,61,b15,32,7646428571,0
25,62,d15,65,7714142857,0
25,63,a16,16,7614645714,0
25,64,c16,49,7682360000,0
26,-1,a0,0,7718142857,0
26,0,c0,33,7785857143,0
26,1,b0,17,7751796429,0
26,2,d0,50,7819510714,0
26,3,a1,1,7720013571,0
26,4,c1,34,7787727857,0
26,5,b1,18,7753667143,0
26,6,d1,51,7821381429,0
26,7,a2,2,7721884286,0
26,8,c2,35,7789598571,0
26,9,b2,19,7755537857,0
26,10,d2,52,7823252143,0
26,11,a3,3,7723755000,0
26,12,c3,36,7791469286,0
26,13,b3,20,7757408571,0
26,14,d3,53,7825122857,0
26,15,a4,4,7725625714,0
26,16,c4,37,7793340000,0
26,17,b4,21,7759279286,0
26,18,d4,54,7826993571,0
26,19,a5,5,7727496429,0
26,20,c5,38,7795210714,0
26,21,b5,22,7761150000,0
26,22,d5,55,7828864286,0
26,23,a6,6,7729367143,0
26,24,c6,39,7797081429,0
26,25,b6,23,7763020714,0
26,26,d6,56,7830735000,0
26,27,a7,7,7731237857,0
26,28,c7,40,7798952143,0
26,29,b7,24,7764891429,0
26,30,d7,57,7832605714,0
26,31,a8,8,7733108571,0
26,32,c8,41,7800822857,0
26,33,b8,25,7766762143,0
26,34,d8,58,7834476429,0
26,35,a9,9,7734979286,0
26,36,c9,42,7802693571,0
26,37,b9,26,7768632857,0
26,38,d9,59,7836347143,0
26,39,a10,10,7736850000,0
26,40,c10,43,7804564286,0
26,41,b10,27,7770503571,0
26,42,d10,60,7838217857,0
26,43,a11,11,7738720714,0
26,44,c11,44,7806435000,0
26,45,b11,28,7772374286,0
26,46,d11,61,7840088571,0
26,47,a12,12,7740591429,0
26,48,c12,45,7808305714,0
26,49,b12,29,7774245000,0
26,50,d12,62,7841959286,0
26,51,a13,13,7742462143,0
26,52,c13,46,7810176429,0
26,53,b13,30,7776115714,0
26,54,d13,63,7843830000,0
26,55,a14,14,7744332857,0
26,56,c14,47,7812047143,0
26,57,b14,31,7777986429,0
26,58,d14,64,7845700714,0
26,59,a15,15,7746203571,0
26,60,c15,48,7813917857,0
26,61,b15,32,7779857143,0
26,62,d15,65,7847571429,0
26,63,a16,16,7748074286,0
26,64,c16,49,7815788571,0
27,-1,a0,0,7851571429,0
27,0,c0,33,7919285714,0
27,1,b0,17,7885225000,0
27,2,d0,50,7952939286,0
27,3,a1,1,7853442143,0
27,4,c1,34,7921156429,0
27,5,b1,18,7887095714,0
27,6,d1,51,7954810000,0
27,7,a2,2,7855312857,0
27,8,b2,35,7923027143,0
27,9,c2,19,7888966429,0
27,10,d2,52,7956680714,0
27,11,a0,3,7857183571,0
27,12,c0,36,7924897857,0
27,13,b0,20,7890837143,0
27,14,d0,53,7958551429,0
27,15,a1,4,7859054286,0
27,16,c1,37,7926768571,0
27,17,b1,21,7892707857,0
27,18,d1,54,7960422143,0
27,19,a2,5,7860925000,0
27,20,b2,38,7928639286,0
27,21,c2,22,7894578571,0
27,22,d2,55,7962292857,0
27,23,a0,6,7862795714,0
27,24,c0,39,7930510000,0
27,25,b0,23,7896449286,0
27,26,d0,56,7964163571,0
27,27,a1,7,7864666429,0
27,28,c1,40,7932380714,0
27,29,b1,24,7898320000,0
27,30,d1,57,7966034286,0
27,31,a2,8,7866537143,0
27,32,b2,41,7934251429,0
27,33,c2,25,7900190714,0
27,34,d2,58,7967905000,0
27,35,a0,9,7868407857,0
27,36,c0,42,7936122143,0
27,37,b0,26,7902061429,0
27,38,d0,59,7969775714,0
27,39,a1,10,7870278571,0
27,40,c1,43,7937992857,0
27,41,b1,27,7903932143,0
27,42,d1,60,7971646429,0
27,43,a2,11,7872149286,0
27,44,b2,44,7939863571,0
27,45,c2,28,7905802857,0
27,46,d2,61,7973517143,0
27,47,a0,12,7874020000,0
27,48,c0,45,7941734286,0
27,49,b0,29,7907673571,0
27,50,d0,62,7975387857,0
27,51,a1,13,7875890714,0
27,52,c1,46,7943605000,0
27,53,b1,30,7909544286,0
27,54,d1,63,7977258571,0
27,55,a2,14,7877761429,0
27,56,b2,47,7945475714,0
27,57,c2,31,7911415000,0
27,58,d2,64,7979129286,0
27,59,a0,15,7879632143,0
27,60,c0,48,7947346429,0
27,61,b0,32,7913285714,0
27,62,d0,65,7981000000,0
27,63,a1,16,7881502857,0
27,64,c1,49,7949217143,0
