mux_band,mux_channel,freq_mhz,mux_subband,bond_pad
0,0,4019.0,a0,-1
0,1,4020.87071428571,a1,3
0,2,4022.741428571431,a2,7
0,3,4024.61214285714,a3,11
0,4,4026.4828571428598,a4,15
0,5,4028.3535714285695,a5,19
0,6,4030.2242857142896,a6,23
0,7,4032.095,a7,27
0,8,4033.9657142857104,a8,31
0,9,4035.8364285714306,a9,35
0,10,4037.70714285714,a10,39
0,11,4039.57785714286,a11,43
0,12,4041.4485714285693,a12,47
0,13,4043.31928571429,a13,51
0,14,4045.19,a14,55
0,15,4047.06071428571,a15,59
0,16,4048.931428571431,a16,63
0,17,4052.65357142857,b0,1
0,18,4054.52428571429,b1,5
0,19,4056.395,b2,9
0,20,4058.26571428571,b3,13
0,21,4060.13642857143,b4,17
0,22,4062.00714285714,b5,21
0,23,4063.8778571428597,b6,25
0,24,4065.7485714285704,b7,29
0,25,4067.6192857142896,b8,33
0,26,4069.49,b9,37
0,27,4071.3607142857104,b10,41
0,28,4073.2314285714297,b11,45
0,29,4075.1021428571403,b12,49
0,30,4076.97285714286,b13,53
0,31,4078.84357142857,b14,57
0,32,4080.71428571429,b15,61
0,33,4084.71428571429,c0,0
0,34,4086.585,c1,4
0,35,4088.45571428571,c2,8
0,36,4090.32642857143,c3,12
0,37,4092.19714285714,c4,16
0,38,4094.06785714286,c5,20
0,39,4095.9385714285695,c6,24
0,40,4097.809285714289,c7,28
0,41,4099.68,c8,32
0,42,4101.5507142857105,c9,36
0,43,4103.42142857143,c10,40
0,44,4105.29214285714,c11,44
0,45,4107.16285714286,c12,48
0,46,4109.033571428569,c13,52
0,47,4110.9042857142895,c14,56
0,48,4112.775,c15,60
0,49,4114.645714285711,c16,64
0,50,4118.36785714286,d0,2
0,51,4120.238571428569,d1,6
0,52,4122.109285714289,d2,10
0,53,4123.98,d3,14
0,54,4125.850714285711,d4,18
0,55,4127.721428571431,d5,22
0,56,4129.59214285714,d6,26
0,57,4131.46285714286,d7,30
0,58,4133.3335714285695,d8,34
0,59,4135.20428571429,d9,38
0,60,4137.075,d10,42
0,61,4138.94571428571,d11,46
0,62,4140.816428571431,d12,50
0,63,4142.68714285714,d13,54
0,64,4144.55785714286,d14,58
0,65,4146.42857142857,d15,62
1,0,4152.42857142857,a0,-1
1,1,4154.29928571429,a1,3
1,2,4156.17,a2,7
1,3,4158.04071428571,a3,11
1,4,4159.91142857143,a4,15
1,5,4161.78214285714,a5,19
1,6,4163.65285714286,a6,23
1,7,4165.523571428569,a7,27
1,8,4167.394285714289,a8,31
1,9,4169.265,a9,35
1,10,4171.1357142857105,a10,39
1,11,4173.006428571431,a11,43
1,12,4174.87714285714,a12,47
1,13,4176.74785714286,a13,51
1,14,4178.618571428569,a14,55
1,15,4180.4892857142895,a15,59
1,16,4182.36,a16,63
1,17,4186.08214285714,b0,1
1,18,4187.95285714286,b1,5
1,19,4189.82357142857,b2,9
1,20,4191.694285714289,b3,13
1,21,4193.565,b4,17
1,22,4195.435714285711,b5,21
1,23,4197.30642857143,b6,25
1,24,4199.17714285714,b7,29
1,25,4201.04785714286,b8,33
1,26,4202.91857142857,b9,37
1,27,4204.78928571429,b10,41
1,28,4206.66,b11,45
1,29,4208.53071428571,b12,49
1,30,4210.401428571429,b13,53
1,31,4212.27214285714,b14,57
1,32,4214.14285714286,b15,61
1,33,4218.14285714286,c0,0
1,34,4220.013571428571,c1,4
1,35,4221.88428571429,c2,8
1,36,4223.755,c3,12
1,37,4225.62571428571,c4,16
1,38,4227.4964285714295,c5,20
1,39,4229.36714285714,c6,24
1,40,4231.23785714286,c7,28
1,41,4233.10857142857,c8,32
1,42,4234.979285714289,c9,36
1,43,4236.85,c10,40
1,44,4238.7207142857105,c11,44
1,45,4240.59142857143,c12,48
1,46,4242.46214285714,c13,52
1,47,4244.33285714286,c14,56
1,48,4246.20357142857,c15,60
1,49,4248.0742857142895,c16,64
1,50,4251.79642857143,d0,2
1,51,4253.66714285714,d1,6
1,52,4255.53785714286,d2,10
1,53,4257.40857142857,d3,14
1,54,4259.2792857142895,d4,18
1,55,4261.15,d5,22
1,56,4263.020714285711,d6,26
1,57,4264.89142857143,d7,30
1,58,4266.76214285714,d8,34
1,59,4268.63285714286,d9,38
1,60,4270.5035714285705,d10,42
1,61,4272.37428571429,d11,46
1,62,4274.245,d12,50
1,63,4276.11571428571,d13,54
1,64,4277.986428571429,d14,58
1,65,4279.85714285714,d15,62
2,0,4285.85714285714,a0,-1
2,1,4287.72785714286,a1,3
2,2,4289.598571428571,a2,7
2,3,4291.46928571429,a0,11
2,4,4293.34,a1,15
2,5,4295.21071428571,a2,19
2,6,4297.08142857143,a0,23
2,7,4298.95214285714,a1,27
2,8,4300.822857142861,a2,31
2,9,4302.693571428571,a0,35
2,10,4304.564285714289,a1,39
2,11,4306.435,a2,43
2,12,4308.305714285711,a0,47
2,13,4310.176428571429,a1,51
2,14,4312.04714285714,a2,55
2,15,4313.91785714286,a0,59
2,16,4315.78857142857,a1,63
2,17,4319.5107142857105,b0,1
2,18,4321.381428571429,b1,5
2,19,4323.25214285714,c2,9
2,20,4325.12285714286,b0,13
2,21,4326.993571428571,b1,17
2,22,4328.8642857142895,c2,21
2,23,4330.735,b0,25
2,24,4332.605714285711,b1,29
2,25,4334.476428571429,c2,33
2,26,4336.347142857139,b0,37
2,27,4338.21785714286,b1,41
2,28,4340.0885714285705,c2,45
2,29,4341.95928571429,b0,49
2,30,4343.83,b1,53
2,31,4345.70071428571,c2,57
2,32,4347.571428571429,b0,61
2,33,4351.571428571429,c0,0
2,34,4353.4421428571395,c1,4
2,35,4355.312857142861,b2,8
2,36,4357.183571428571,c0,12
2,37,4359.05428571429,c1,16
2,38,4360.925,b2,20
2,39,4362.79571428571,c0,24
2,40,4364.66642857143,c1,28
2,41,4366.53714285714,b2,32
2,42,4368.407857142861,c0,36
2,43,4370.278571428571,c1,40
2,44,4372.149285714289,b2,44
2,45,4374.02,c0,48
2,46,4375.890714285711,c1,52
2,47,4377.761428571429,b2,56
2,48,4379.63214285714,c0,60
2,49,4381.50285714286,c1,64
2,50,4385.225,d0,2
2,51,4387.09571428572,d1,6
2,52,4388.966428571429,d2,10
2,53,4390.83714285714,d0,14
2,54,4392.70785714286,d1,18
2,55,4394.578571428571,d2,22
2,56,4396.4492857142895,d0,26
2,57,4398.32,d1,30
2,58,4400.19071428572,d2,34
2,59,4402.061428571429,d0,38
2,60,4403.932142857139,d1,42
2,61,4405.80285714286,d2,46
2,62,4407.6735714285705,d0,50
2,63,4409.54428571429,d1,54
2,64,4411.415,d2,58
2,65,4413.28571428572,d0,62
3,0,4419.28571428572,a0,-1
3,1,4421.156428571429,a1,3
3,2,4423.02714285714,a2,7
3,3,4424.897857142861,a3,11
3,4,4426.768571428571,a4,15
3,5,4428.63928571429,a5,19
3,6,4430.51,a6,23
3,7,4432.3807142857195,a7,27
3,8,4434.25142857143,a8,31
3,9,4436.12214285714,a9,35
3,10,4437.99285714286,a10,39
3,11,4439.863571428571,a11,43
3,12,4441.734285714289,a12,47
3,13,4443.605,a13,51
3,14,4445.47571428572,a14,55
3,15,4447.346428571429,a15,59
3,16,4449.217142857139,a16,63
3,17,4452.939285714289,b0,1
3,18,4454.81,b1,5
3,19,4456.680714285711,b2,9
3,20,4458.551428571429,b3,13
3,21,4460.42214285714,b4,17
3,22,4462.29285714286,b5,21
3,23,4464.16357142857,b6,25
3,24,4466.03428571429,b7,29
3,25,4467.905,b8,33
3,26,4469.77571428571,b9,37
3,27,4471.646428571429,b10,41
3,28,4473.517142857139,b11,45
3,29,4475.38785714286,b12,49
3,30,4477.258571428571,b13,53
3,31,4479.12928571429,b14,57
3,32,4481.0,b15,61
3,33,4519.0,c0,0
3,34,4520.87071428571,c1,4
3,35,4522.741428571429,c2,8
3,36,4524.61214285714,c3,12
3,37,4526.482857142861,c4,16
3,38,4528.353571428571,c5,20
3,39,4530.22428571429,c6,24
3,40,4532.095,c7,28
3,41,4533.96571428571,c8,32
3,42,4535.83642857143,c9,36
3,43,4537.70714285714,c10,40
3,44,4539.57785714286,c11,44
3,45,4541.448571428571,c12,48
3,46,4543.319285714289,c13,52
3,47,4545.19,c14,56
3,48,4547.060714285711,c15,60
3,49,4548.931428571429,c16,64
3,50,4552.653571428571,d0,2
3,51,4554.524285714289,d1,6
3,52,4556.395,d2,10
3,53,4558.265714285711,d3,14
3,54,4560.136428571429,d4,18
3,55,4562.00714285714,d5,22
3,56,4563.87785714286,d6,26
3,57,4565.74857142857,d7,30
3,58,4567.61928571429,d8,34
3,59,4569.49,d9,38
3,60,4571.36071428571,d10,42
3,61,4573.231428571429,d11,46
3,62,4575.102142857139,d12,50
3,63,4576.97285714286,d13,54
3,64,4578.843571428571,d14,58
3,65,4580.71428571429,d15,62
4,0,4584.71428571429,a0,-1
4,1,4586.585,a1,3
4,2,4588.45571428571,a2,7
4,3,4590.3264285714295,a3,11
4,4,4592.19714285714,a4,15
4,5,4594.067857142861,a5,19
4,6,4595.938571428571,a6,23
4,7,4597.809285714289,a7,27
4,8,4599.68,a8,31
4,9,4601.5507142857105,a9,35
4,10,4603.421428571429,a10,39
4,11,4605.29214285714,a11,43
4,12,4607.16285714286,a12,47
4,13,4609.033571428571,a13,51
4,14,4610.9042857142895,a14,55
4,15,4612.775,a15,59
4,16,4614.645714285711,a16,63
4,17,4618.36785714286,b0,1
4,18,4620.238571428571,b1,5
4,19,4622.109285714289,b2,9
4,20,4623.98,b3,13
4,21,4625.850714285711,b4,17
4,22,4627.721428571429,b5,21
4,23,4629.592142857139,b6,25
4,24,4631.46285714286,b7,29
4,25,4633.33357142857,b8,33
4,26,4635.20428571429,b9,37
4,27,4637.075,b10,41
4,28,4638.94571428571,b11,45
4,29,4640.816428571429,b12,49
4,30,4642.687142857139,b13,53
4,31,4644.5578571428605,b14,57
4,32,4646.428571428571,b15,61
4,33,4652.428571428571,c0,0
4,34,4654.29928571429,c1,4
4,35,4656.17,c2,8
4,36,4658.04071428571,c3,12
4,37,4659.9114285714295,c4,16
4,38,4661.78214285714,c5,20
4,39,4663.652857142861,c6,24
4,40,4665.523571428571,c7,28
4,41,4667.394285714289,c8,32
4,42,4669.265,c9,36
4,43,4671.1357142857105,c10,40
4,44,4673.006428571429,c11,44
4,45,4674.87714285714,c12,48
4,46,4676.74785714286,c13,52
4,47,4678.618571428571,c14,56
4,48,4680.4892857142895,c15,60
4,49,4682.36,c16,64
4,50,4686.08214285714,d0,2
4,51,4687.95285714286,d1,6
4,52,4689.823571428571,d2,10
4,53,4691.694285714289,d3,14
4,54,4693.565,d4,18
4,55,4695.43571428572,d5,22
4,56,4697.306428571429,d6,26
4,57,4699.177142857139,d7,30
4,58,4701.04785714286,d8,34
4,59,4702.91857142857,d9,38
4,60,4704.78928571429,d10,42
4,61,4706.66,d11,46
4,62,4708.53071428572,d12,50
4,63,4710.401428571429,d13,54
4,64,4712.272142857139,d14,58
4,65,4714.1428571428605,d15,62
5,0,4718.1428571428605,a0,-1
5,1,4720.013571428571,a1,3
5,2,4721.88428571429,a2,7
5,3,4723.755,a3,11
5,4,4725.62571428572,a4,15
5,5,4727.4964285714295,a5,19
5,6,4729.36714285714,a6,23
5,7,4731.237857142861,a7,27
5,8,4733.108571428571,a8,31
5,9,4734.979285714289,a9,35
5,10,4736.85,a10,39
5,11,4738.72071428572,a11,43
5,12,4740.591428571429,a12,47
5,13,4742.46214285714,a13,51
5,14,4744.33285714286,a14,55
5,15,4746.203571428571,a15,59
5,16,4748.0742857142895,a16,63
5,17,4751.796428571429,b0,1
5,18,4753.66714285714,b1,5
5,19,4755.53785714286,b2,9
5,20,4757.408571428571,b3,13
5,21,4759.2792857142895,b4,17
5,22,4761.15,b5,21
5,23,4763.020714285711,b6,25
5,24,4764.891428571429,b7,29
5,25,4766.762142857139,b8,33
5,26,4768.63285714286,b9,37
5,27,4770.5035714285705,b10,41
5,28,4772.37428571429,b11,45
5,29,4774.245,b12,49
5,30,4776.11571428571,b13,53
5,31,4777.986428571429,b14,57
5,32,4779.8571428571395,b15,61
5,33,4785.8571428571395,c0,0
5,34,4787.727857142861,c1,4
5,35,4789.598571428571,c2,8
5,36,4791.46928571429,c3,12
5,37,4793.34,c4,16
5,38,4795.21071428571,c5,20
5,39,4797.08142857143,c6,24
5,40,4798.95214285714,c7,28
5,41,4800.822857142861,c8,32
5,42,4802.693571428571,c9,36
5,43,4804.564285714289,c10,40
5,44,4806.435,c11,44
5,45,4808.305714285711,c12,48
5,46,4810.176428571429,c13,52
5,47,4812.04714285714,c14,56
5,48,4813.91785714286,c15,60
5,49,4815.78857142857,c16,64
5,50,4819.5107142857105,d0,2
5,51,4821.381428571429,d1,6
5,52,4823.25214285714,d2,10
5,53,4825.12285714286,d3,14
5,54,4826.993571428571,d4,18
5,55,4828.8642857142895,d5,22
5,56,4830.735,d6,26
5,57,4832.605714285711,d7,30
5,58,4834.476428571429,d8,34
5,59,4836.347142857139,d9,38
5,60,4838.21785714286,d10,42
5,61,4840.0885714285705,d11,46
5,62,4841.95928571429,d12,50
5,63,4843.83,d13,54
5,64,4845.70071428571,d14,58
5,65,4847.571428571429,d15,62
6,0,4851.571428571429,a0,-1
6,1,4853.4421428571395,a1,3
6,2,4855.312857142861,a2,7
6,3,4857.183571428571,a3,11
6,4,4859.05428571429,a4,15
6,5,4860.925,a5,19
6,6,4862.79571428571,a6,23
6,7,4864.66642857143,a7,27
6,8,4866.53714285714,a8,31
6,9,4868.407857142861,a9,35
6,10,4870.278571428571,a10,39
6,11,4872.149285714289,a11,43
6,12,4874.02,a12,47
6,13,4875.890714285711,a13,51
6,14,4877.761428571429,a14,55
6,15,4879.63214285714,a15,59
6,16,4881.50285714286,a16,63
6,17,4885.225,b0,1
6,18,4887.09571428572,b1,5
6,19,4888.966428571429,b2,9
6,20,4890.83714285714,b3,13
6,21,4892.70785714286,b4,17
6,22,4894.578571428571,b5,21
6,23,4896.4492857142895,b6,25
6,24,4898.32,b7,29
6,25,4900.19071428572,b8,33
6,26,4902.061428571429,b9,37
6,27,4903.932142857139,b10,41
6,28,4905.80285714286,b11,45
6,29,4907.6735714285705,b12,49
6,30,4909.54428571429,b13,53
6,31,4911.415,b14,57
6,32,4913.28571428572,b15,61
6,33,4919.28571428572,c0,0
6,34,4921.156428571429,c1,4
6,35,4923.02714285714,c2,8
6,36,4924.897857142861,c3,12
6,37,4926.768571428571,c4,16
6,38,4928.63928571429,c5,20
6,39,4930.51,c6,24
6,40,4932.3807142857195,c7,28
6,41,4934.25142857143,c8,32
6,42,4936.12214285714,c9,36
6,43,4937.99285714286,c10,40
6,44,4939.863571428571,c11,44
6,45,4941.734285714289,c12,48
6,46,4943.605,c13,52
6,47,4945.47571428572,c14,56
6,48,4947.346428571429,c15,60
6,49,4949.217142857139,c16,64
6,50,4952.939285714289,d0,2
6,51,4954.81,d1,6
6,52,4956.680714285711,d2,10
6,53,4958.551428571429,d3,14
6,54,4960.42214285714,d4,18
6,55,4962.29285714286,d5,22
6,56,4964.16357142857,d6,26
6,57,4966.03428571429,d7,30
6,58,4967.905,d8,34
6,59,4969.77571428571,d9,38
6,60,4971.646428571429,d10,42
6,61,4973.517142857139,d11,46
6,62,4975.38785714286,d12,50
6,63,4977.258571428571,d13,54
6,64,4979.12928571429,d14,58
6,65,4981.0,d15,62
7,0,5019.0,a0,-1
7,1,5020.87071428571,a1,3
7,2,5022.741428571429,a2,7
7,3,5024.61214285714,a0,11
7,4,5026.482857142861,a1,15
7,5,5028.353571428571,a2,19
7,6,5030.22428571429,a0,23
7,7,5032.095,a1,27
7,8,5033.96571428571,a2,31
7,9,5035.83642857143,a0,35
7,10,5037.70714285714,a1,39
7,11,5039.57785714286,a2,43
7,12,5041.448571428571,a0,47
7,13,5043.319285714289,a1,51
7,14,5045.19,a2,55
7,15,5047.060714285711,a0,59
7,16,5048.931428571429,a1,63
7,17,5052.653571428571,b0,1
7,18,5054.524285714289,b1,5
7,19,5056.395,c2,9
7,20,5058.265714285711,b0,13
7,21,5060.136428571429,b1,17
7,22,5062.00714285714,c2,21
7,23,5063.87785714286,b0,25
7,24,5065.74857142857,b1,29
7,25,5067.61928571429,c2,33
7,26,5069.49,b0,37
7,27,5071.36071428571,b1,41
7,28,5073.231428571429,c2,45
7,29,5075.102142857139,b0,49
7,30,5076.97285714286,b1,53
7,31,5078.843571428571,c2,57
7,32,5080.71428571429,b0,61
7,33,5084.71428571429,c0,0
7,34,5086.585,c1,4
7,35,5088.45571428571,b2,8
7,36,5090.3264285714295,c0,12
7,37,5092.19714285714,c1,16
7,38,5094.067857142861,b2,20
7,39,5095.938571428571,c0,24
7,40,5097.809285714289,c1,28
7,41,5099.68,b2,32
7,42,5101.5507142857105,c0,36
7,43,5103.421428571429,c1,40
7,44,5105.29214285714,b2,44
7,45,5107.16285714286,c0,48
7,46,5109.033571428571,c1,52
7,47,5110.9042857142895,b2,56
7,48,5112.775,c0,60
7,49,5114.645714285711,c1,64
7,50,5118.36785714286,d0,2
7,51,5120.238571428571,d1,6
7,52,5122.109285714289,d2,10
7,53,5123.98,d0,14
7,54,5125.850714285711,d1,18
7,55,5127.721428571429,d2,22
7,56,5129.592142857139,d0,26
7,57,5131.46285714286,d1,30
7,58,5133.33357142857,d2,34
7,59,5135.20428571429,d0,38
7,60,5137.075,d1,42
7,61,5138.94571428571,d2,46
7,62,5140.816428571429,d0,50
7,63,5142.687142857139,d1,54
7,64,5144.5578571428605,d2,58
7,65,5146.428571428571,d0,62
8,0,5152.428571428571,a0,-1
8,1,5154.29928571429,a1,3
8,2,5156.17,a2,7
8,3,5158.04071428571,a3,11
8,4,5159.9114285714295,a4,15
8,5,5161.78214285714,a5,19
8,6,5163.652857142861,a6,23
8,7,5165.523571428571,a7,27
8,8,5167.394285714289,a8,31
8,9,5169.265,a9,35
8,10,5171.1357142857105,a10,39
8,11,5173.006428571429,a11,43
8,12,5174.87714285714,a12,47
8,13,5176.74785714286,a13,51
8,14,5178.618571428571,a14,55
8,15,5180.4892857142895,a15,59
8,16,5182.36,a16,63
8,17,5186.08214285714,b0,1
8,18,5187.95285714286,b1,5
8,19,5189.823571428571,b2,9
8,20,5191.694285714289,b3,13
8,21,5193.565,b4,17
8,22,5195.43571428572,b5,21
8,23,5197.306428571429,b6,25
8,24,5199.177142857139,b7,29
8,25,5201.04785714286,b8,33
8,26,5202.91857142857,b9,37
8,27,5204.78928571429,b10,41
8,28,5206.66,b11,45
8,29,5208.53071428572,b12,49
8,30,5210.401428571429,b13,53
8,31,5212.272142857139,b14,57
8,32,5214.1428571428605,b15,61
8,33,5218.1428571428605,c0,0
8,34,5220.013571428571,c1,4
8,35,5221.88428571429,c2,8
8,36,5223.755,c3,12
8,37,5225.62571428572,c4,16
8,38,5227.4964285714295,c5,20
8,39,5229.36714285714,c6,24
8,40,5231.237857142861,c7,28
8,41,5233.108571428571,c8,32
8,42,5234.979285714289,c9,36
8,43,5236.85,c10,40
8,44,5238.72071428572,c11,44
8,45,5240.591428571429,c12,48
8,46,5242.46214285714,c13,52
8,47,5244.33285714286,c14,56
8,48,5246.203571428571,c15,60
8,49,5248.0742857142895,c16,64
8,50,5251.796428571429,d0,2
8,51,5253.66714285714,d1,6
8,52,5255.53785714286,d2,10
8,53,5257.408571428571,d3,14
8,54,5259.2792857142895,d4,18
8,55,5261.15,d5,22
8,56,5263.020714285711,d6,26
8,57,5264.891428571429,d7,30
8,58,5266.762142857139,d8,34
8,59,5268.63285714286,d9,38
8,60,5270.5035714285705,d10,42
8,61,5272.37428571429,d11,46
8,62,5274.245,d12,50
8,63,5276.11571428571,d13,54
8,64,5277.986428571429,d14,58
8,65,5279.8571428571395,d15,62
9,0,5285.8571428571395,a0,-1
9,1,5287.727857142861,a1,3
9,2,5289.598571428571,a2,7
9,3,5291.46928571429,a3,11
9,4,5293.34,a4,15
9,5,5295.21071428571,a5,19
9,6,5297.08142857143,a6,23
9,7,5298.95214285714,a7,27
9,8,5300.822857142861,a8,31
9,9,5302.693571428571,a9,35
9,10,5304.564285714289,a10,39
9,11,5306.435,a11,43
9,12,5308.305714285711,a12,47
9,13,5310.176428571429,a13,51
9,14,5312.04714285714,a14,55
9,15,5313.91785714286,a15,59
9,16,5315.78857142857,a16,63
9,17,5319.5107142857105,b0,1
9,18,5321.381428571429,b1,5
9,19,5323.25214285714,b2,9
9,20,5325.12285714286,b3,13
9,21,5326.993571428571,b4,17
9,22,5328.8642857142895,b5,21
9,23,5330.735,b6,25
9,24,5332.605714285711,b7,29
9,25,5334.476428571429,b8,33
9,26,5336.347142857139,b9,37
9,27,5338.21785714286,b10,41
9,28,5340.0885714285705,b11,45
9,29,5341.95928571429,b12,49
9,30,5343.83,b13,53
9,31,5345.70071428571,b14,57
9,32,5347.571428571429,b15,61
9,33,5351.571428571429,c0,0
9,34,5353.4421428571395,c1,4
9,35,5355.312857142861,c2,8
9,36,5357.183571428571,c3,12
9,37,5359.05428571429,c4,16
9,38,5360.925,c5,20
9,39,5362.79571428571,c6,24
9,40,5364.66642857143,c7,28
9,41,5366.53714285714,c8,32
9,42,5368.407857142861,c9,36
9,43,5370.278571428571,c10,40
9,44,5372.149285714289,c11,44
9,45,5374.02,c12,48
9,46,5375.890714285711,c13,52
9,47,5377.761428571429,c14,56
9,48,5379.63214285714,c15,60
9,49,5381.50285714286,c16,64
9,50,5385.225,d0,2
9,51,5387.09571428572,d1,6
9,52,5388.966428571429,d2,10
9,53,5390.83714285714,d3,14
9,54,5392.70785714286,d4,18
9,55,5394.578571428571,d5,22
9,56,5396.4492857142895,d6,26
9,57,5398.32,d7,30
9,58,5400.19071428572,d8,34
9,59,5402.061428571429,d9,38
9,60,5403.932142857139,d10,42
9,61,5405.80285714286,d11,46
9,62,5407.6735714285705,d12,50
9,63,5409.54428571429,d13,54
9,64,5411.415,d14,58
9,65,5413.28571428572,d15,62
10,0,5419.28571428572,a0,-1
10,1,5421.156428571429,a1,3
10,2,5423.02714285714,a2,7
10,3,5424.897857142861,a3,11
10,4,5426.768571428571,a4,15
10,5,5428.63928571429,a5,19
10,6,5430.51,a6,23
10,7,5432.3807142857195,a7,27
10,8,5434.25142857143,a8,31
10,9,5436.12214285714,a9,35
10,10,5437.99285714286,a10,39
10,11,5439.863571428571,a11,43
10,12,5441.734285714289,a12,47
10,13,5443.605,a13,51
10,14,5445.47571428572,a14,55
10,15,5447.346428571429,a15,59
10,16,5449.217142857139,a16,63
10,17,5452.939285714289,b0,1
10,18,5454.81,b1,5
10,19,5456.680714285711,b2,9
10,20,5458.551428571429,b3,13
10,21,5460.42214285714,b4,17
10,22,5462.29285714286,b5,21
10,23,5464.16357142857,b6,25
10,24,5466.03428571429,b7,29
10,25,5467.905,b8,33
10,26,5469.77571428571,b9,37
10,27,5471.646428571429,b10,41
10,28,5473.517142857139,b11,45
10,29,5475.38785714286,b12,49
10,30,5477.258571428571,b13,53
10,31,5479.12928571429,b14,57
10,32,5481.0,b15,61
10,33,5519.0,c0,0
10,34,5520.87071428571,c1,4
10,35,5522.741428571429,c2,8
10,36,5524.61214285714,c3,12
10,37,5526.482857142861,c4,16
10,38,5528.353571428571,c5,20
10,39,5530.22428571429,c6,24
10,40,5532.095,c7,28
10,41,5533.96571428571,c8,32
10,42,5535.83642857143,c9,36
10,43,5537.70714285714,c10,40
10,44,5539.57785714286,c11,44
10,45,5541.448571428571,c12,48
10,46,5543.319285714289,c13,52
10,47,5545.19,c14,56
10,48,5547.060714285711,c15,60
10,49,5548.931428571429,c16,64
10,50,5552.653571428571,d0,2
10,51,5554.524285714289,d1,6
10,52,5556.395,d2,10
10,53,5558.265714285711,d3,14
10,54,5560.136428571429,d4,18
10,55,5562.00714285714,d5,22
10,56,5563.87785714286,d6,26
10,57,5565.74857142857,d7,30
10,58,5567.61928571429,d8,34
10,59,5569.49,d9,38
10,60,5571.36071428571,d10,42
10,61,5573.231428571429,d11,46
10,62,5575.102142857139,d12,50
10,63,5576.97285714286,d13,54
10,64,5578.843571428571,d14,58
10,65,5580.71428571429,d15,62
11,0,5584.71428571429,a0,-1
11,1,5586.585,a1,3
11,2,5588.45571428571,a2,7
11,3,5590.3264285714295,a3,11
11,4,5592.19714285714,a4,15
11,5,5594.067857142861,a5,19
11,6,5595.938571428571,a6,23
11,7,5597.809285714289,a7,27
11,8,5599.68,a8,31
11,9,5601.5507142857105,a9,35
11,10,5603.421428571429,a10,39
11,11,5605.29214285714,a11,43
11,12,5607.16285714286,a12,47
11,13,5609.033571428571,a13,51
11,14,5610.9042857142895,a14,55
11,15,5612.775,a15,59
11,16,5614.645714285711,a16,63
11,17,5618.36785714286,b0,1
11,18,5620.238571428571,b1,5
11,19,5622.109285714289,b2,9
11,20,5623.98,b3,13
11,21,5625.850714285711,b4,17
11,22,5627.721428571429,b5,21
11,23,5629.592142857139,b6,25
11,24,5631.46285714286,b7,29
11,25,5633.33357142857,b8,33
11,26,5635.20428571429,b9,37
11,27,5637.075,b10,41
11,28,5638.94571428571,b11,45
11,29,5640.816428571429,b12,49
11,30,5642.687142857139,b13,53
11,31,5644.5578571428605,b14,57
11,32,5646.428571428571,b15,61
11,33,5652.428571428571,c0,0
11,34,5654.29928571429,c1,4
11,35,5656.17,c2,8
11,36,5658.04071428571,c3,12
11,37,5659.9114285714295,c4,16
11,38,5661.78214285714,c5,20
11,39,5663.652857142861,c6,24
11,40,5665.523571428571,c7,28
11,41,5667.394285714289,c8,32
11,42,5669.265,c9,36
11,43,5671.1357142857105,c10,40
11,44,5673.006428571429,c11,44
11,45,5674.87714285714,c12,48
11,46,5676.74785714286,c13,52
11,47,5678.618571428571,c14,56
11,48,5680.4892857142895,c15,60
11,49,5682.36,c16,64
11,50,5686.08214285714,d0,2
11,51,5687.95285714286,d1,6
11,52,5689.823571428571,d2,10
11,53,5691.694285714289,d3,14
11,54,5693.565,d4,18
11,55,5695.43571428572,d5,22
11,56,5697.306428571429,d6,26
11,57,5699.177142857139,d7,30
11,58,5701.04785714286,d8,34
11,59,5702.91857142857,d9,38
11,60,5704.78928571429,d10,42
11,61,5706.66,d11,46
11,62,5708.53071428572,d12,50
11,63,5710.401428571429,d13,54
11,64,5712.272142857139,d14,58
11,65,5714.1428571428605,d15,62
12,0,5718.1428571428605,a0,-1
12,1,5720.013571428571,a1,3
12,2,5721.88428571429,a2,7
12,3,5723.755,a0,11
12,4,5725.62571428572,a1,15
12,5,5727.4964285714295,a2,19
12,6,5729.36714285714,a0,23
12,7,5731.237857142861,a1,27
12,8,5733.108571428571,a2,31
12,9,5734.979285714289,a0,35
12,10,5736.85,a1,39
12,11,5738.72071428572,a2,43
12,12,5740.591428571429,a0,47
12,13,5742.46214285714,a1,51
12,14,5744.33285714286,a2,55
12,15,5746.203571428571,a0,59
12,16,5748.0742857142895,a1,63
12,17,5751.796428571429,b0,1
12,18,5753.66714285714,b1,5
12,19,5755.53785714286,c2,9
12,20,5757.408571428571,b0,13
12,21,5759.2792857142895,b1,17
12,22,5761.15,c2,21
12,23,5763.020714285711,b0,25
12,24,5764.891428571429,b1,29
12,25,5766.762142857139,c2,33
12,26,5768.63285714286,b0,37
12,27,5770.5035714285705,b1,41
12,28,5772.37428571429,c2,45
12,29,5774.245,b0,49
12,30,5776.11571428571,b1,53
12,31,5777.986428571429,c2,57
12,32,5779.8571428571395,b0,61
12,33,5785.8571428571395,c0,0
12,34,5787.727857142861,c1,4
12,35,5789.598571428571,b2,8
12,36,5791.46928571429,c0,12
12,37,5793.34,c1,16
12,38,5795.21071428571,b2,20
12,39,5797.08142857143,c0,24
12,40,5798.95214285714,c1,28
12,41,5800.822857142861,b2,32
12,42,5802.693571428571,c0,36
12,43,5804.564285714289,c1,40
12,44,5806.435,b2,44
12,45,5808.305714285711,c0,48
12,46,5810.176428571429,c1,52
12,47,5812.04714285714,b2,56
12,48,5813.91785714286,c0,60
12,49,5815.78857142857,c1,64
12,50,5819.5107142857105,d0,2
12,51,5821.381428571429,d1,6
12,52,5823.25214285714,d2,10
12,53,5825.12285714286,d0,14
12,54,5826.993571428571,d1,18
12,55,5828.8642857142895,d2,22
12,56,5830.735,d0,26
12,57,5832.605714285711,d1,30
12,58,5834.476428571429,d2,34
12,59,5836.347142857139,d0,38
12,60,5838.21785714286,d1,42
12,61,5840.0885714285705,d2,46
12,62,5841.95928571429,d0,50
12,63,5843.83,d1,54
12,64,5845.70071428571,d2,58
12,65,5847.571428571429,d0,62
13,0,5851.571428571429,a0,-1
13,1,5853.4421428571395,a1,3
13,2,5855.312857142861,a2,7
13,3,5857.183571428571,a3,11
13,4,5859.05428571429,a4,15
13,5,5860.925,a5,19
13,6,5862.79571428571,a6,23
13,7,5864.66642857143,a7,27
13,8,5866.53714285714,a8,31
13,9,5868.407857142861,a9,35
13,10,5870.278571428571,a10,39
13,11,5872.149285714289,a11,43
13,12,5874.02,a12,47
13,13,5875.890714285711,a13,51
13,14,5877.761428571429,a14,55
13,15,5879.63214285714,a15,59
13,16,5881.50285714286,a16,63
13,17,5885.225,b0,1
13,18,5887.09571428572,b1,5
13,19,5888.966428571429,b2,9
13,20,5890.83714285714,b3,13
13,21,5892.70785714286,b4,17
13,22,5894.578571428571,b5,21
13,23,5896.4492857142895,b6,25
13,24,5898.32,b7,29
13,25,5900.19071428572,b8,33
13,26,5902.061428571429,b9,37
13,27,5903.932142857139,b10,41
13,28,5905.80285714286,b11,45
13,29,5907.6735714285705,b12,49
13,30,5909.54428571429,b13,53
13,31,5911.415,b14,57
13,32,5913.28571428572,b15,61
13,33,5919.28571428572,c0,0
13,34,5921.156428571429,c1,4
13,35,5923.02714285714,c2,8
13,36,5924.897857142861,c3,12
13,37,5926.768571428571,c4,16
13,38,5928.63928571429,c5,20
13,39,5930.51,c6,24
13,40,5932.3807142857195,c7,28
13,41,5934.25142857143,c8,32
13,42,5936.12214285714,c9,36
13,43,5937.99285714286,c10,40
13,44,5939.863571428571,c11,44
13,45,5941.734285714289,c12,48
13,46,5943.605,c13,52
13,47,5945.47571428572,c14,56
13,48,5947.346428571429,c15,60
13,49,5949.217142857139,c16,64
13,50,5952.939285714289,d0,2
13,51,5954.81,d1,6
13,52,5956.680714285711,d2,10
13,53,5958.551428571429,d3,14
13,54,5960.42214285714,d4,18
13,55,5962.29285714286,d5,22
13,56,5964.16357142857,d6,26
13,57,5966.03428571429,d7,30
13,58,5967.905,d8,34
13,59,5969.77571428571,d9,38
13,60,5971.646428571429,d10,42
13,61,5973.517142857139,d11,46
13,62,5975.38785714286,d12,50
13,63,5977.258571428571,d13,54
13,64,5979.12928571429,d14,58
13,65,5981.0,d15,62
14,0,6019.0,a0,-1
14,1,6020.87071428571,a1,3
14,2,6022.741428571429,a2,7
14,3,6024.61214285714,a3,11
14,4,6026.482857142861,a4,15
14,5,6028.353571428571,a5,19
14,6,6030.22428571429,a6,23
14,7,6032.095,a7,27
14,8,6033.96571428571,a8,31
14,9,6035.83642857143,a9,35
14,10,6037.70714285714,a10,39
14,11,6039.57785714286,a11,43
14,12,6041.448571428571,a12,47
14,13,6043.319285714289,a13,51
14,14,6045.19,a14,55
14,15,6047.060714285711,a15,59
14,16,6048.931428571429,a16,63
14,17,6052.653571428571,b0,1
14,18,6054.524285714289,b1,5
14,19,6056.395,b2,9
14,20,6058.265714285711,b3,13
14,21,6060.136428571429,b4,17
14,22,6062.00714285714,b5,21
14,23,6063.87785714286,b6,25
14,24,6065.74857142857,b7,29
14,25,6067.61928571429,b8,33
14,26,6069.49,b9,37
14,27,6071.36071428571,b10,41
14,28,6073.231428571429,b11,45
14,29,6075.102142857139,b12,49
14,30,6076.97285714286,b13,53
14,31,6078.843571428571,b14,57
14,32,6080.71428571429,b15,61
14,33,6084.71428571429,c0,0
14,34,6086.585,c1,4
14,35,6088.45571428571,c2,8
14,36,6090.3264285714295,c3,12
14,37,6092.19714285714,c4,16
14,38,6094.067857142861,c5,20
14,39,6095.938571428571,c6,24
14,40,6097.809285714289,c7,28
14,41,6099.68,c8,32
14,42,6101.5507142857105,c9,36
14,43,6103.421428571429,c10,40
14,44,6105.29214285714,c11,44
14,45,6107.16285714286,c12,48
14,46,6109.033571428571,c13,52
14,47,6110.9042857142895,c14,56
14,48,6112.775,c15,60
14,49,6114.645714285711,c16,64
14,50,6118.36785714286,d0,2
14,51,6120.238571428571,d1,6
14,52,6122.109285714289,d2,10
14,53,6123.98,d3,14
14,54,6125.850714285711,d4,18
14,55,6127.721428571429,d5,22
14,56,6129.592142857139,d6,26
14,57,6131.46285714286,d7,30
14,58,6133.33357142857,d8,34
14,59,6135.20428571429,d9,38
14,60,6137.075,d10,42
14,61,6138.94571428571,d11,46
14,62,6140.816428571429,d12,50
14,63,6142.687142857139,d13,54
14,64,6144.5578571428605,d14,58
14,65,6146.428571428571,d15,62
15,0,6152.428571428571,a0,-1
15,1,6154.29928571429,a1,3
15,2,6156.17,a2,7
15,3,6158.04071428571,a3,11
15,4,6159.9114285714295,a4,15
15,5,6161.78214285714,a5,19
15,6,6163.652857142861,a6,23
15,7,6165.523571428571,a7,27
15,8,6167.394285714289,a8,31
15,9,6169.265,a9,35
15,10,6171.1357142857105,a10,39
15,11,6173.006428571429,a11,43
15,12,6174.87714285714,a12,47
15,13,6176.74785714286,a13,51
15,14,6178.618571428571,a14,55
15,15,6180.4892857142895,a15,59
15,16,6182.36,a16,63
15,17,6186.08214285714,b0,1
15,18,6187.95285714286,b1,5
15,19,6189.823571428571,b2,9
15,20,6191.694285714289,b3,13
15,21,6193.565,b4,17
15,22,6195.43571428572,b5,21
15,23,6197.306428571429,b6,25
15,24,6199.177142857139,b7,29
15,25,6201.04785714286,b8,33
15,26,6202.91857142857,b9,37
15,27,6204.78928571429,b10,41
15,28,6206.66,b11,45
15,29,6208.53071428572,b12,49
15,30,6210.401428571429,b13,53
15,31,6212.272142857139,b14,57
15,32,6214.1428571428605,b15,61
15,33,6218.1428571428605,c0,0
15,34,6220.013571428571,c1,4
15,35,6221.88428571429,c2,8
15,36,6223.755,c3,12
15,37,6225.62571428572,c4,16
15,38,6227.4964285714295,c5,20
15,39,6229.36714285714,c6,24
15,40,6231.237857142861,c7,28
15,41,6233.108571428571,c8,32
15,42,6234.979285714289,c9,36
15,43,6236.85,c10,40
15,44,6238.72071428572,c11,44
15,45,6240.591428571429,c12,48
15,46,6242.46214285714,c13,52
15,47,6244.33285714286,c14,56
15,48,6246.203571428571,c15,60
15,49,6248.0742857142895,c16,64
15,50,6251.796428571429,d0,2
15,51,6253.66714285714,d1,6
15,52,6255.53785714286,d2,10
15,53,6257.408571428571,d3,14
15,54,6259.2792857142895,d4,18
15,55,6261.15,d5,22
15,56,6263.020714285711,d6,26
15,57,6264.891428571429,d7,30
15,58,6266.762142857139,d8,34
15,59,6268.63285714286,d9,38
15,60,6270.5035714285705,d10,42
15,61,6272.37428571429,d11,46
15,62,6274.245,d12,50
15,63,6276.11571428571,d13,54
15,64,6277.986428571429,d14,58
15,65,6279.8571428571395,d15,62
16,0,6285.8571428571395,a0,-1
16,1,6287.727857142861,a1,3
16,2,6289.598571428571,a2,7
16,3,6291.46928571429,a3,11
16,4,6293.34,a4,15
16,5,6295.21071428571,a5,19
16,6,6297.08142857143,a6,23
16,7,6298.95214285714,a7,27
16,8,6300.822857142861,a8,31
16,9,6302.693571428571,a9,35
16,10,6304.564285714289,a10,39
16,11,6306.435,a11,43
16,12,6308.305714285711,a12,47
16,13,6310.176428571429,a13,51
16,14,6312.04714285714,a14,55
16,15,6313.91785714286,a15,59
16,16,6315.78857142857,a16,63
16,17,6319.5107142857105,b0,1
16,18,6321.381428571429,b1,5
16,19,6323.25214285714,b2,9
16,20,6325.12285714286,b3,13
16,21,6326.993571428571,b4,17
16,22,6328.8642857142895,b5,21
16,23,6330.735,b6,25
16,24,6332.605714285711,b7,29
16,25,6334.476428571429,b8,33
16,26,6336.347142857139,b9,37
16,27,6338.21785714286,b10,41
16,28,6340.0885714285705,b11,45
16,29,6341.95928571429,b12,49
16,30,6343.83,b13,53
16,31,6345.70071428571,b14,57
16,32,6347.571428571429,b15,61
16,33,6351.571428571429,c0,0
16,34,6353.4421428571395,c1,4
16,35,6355.312857142861,c2,8
16,36,6357.183571428571,c3,12
16,37,6359.05428571429,c4,16
16,38,6360.925,c5,20
16,39,6362.79571428571,c6,24
16,40,6364.66642857143,c7,28
16,41,6366.53714285714,c8,32
16,42,6368.407857142861,c9,36
16,43,6370.278571428571,c10,40
16,44,6372.149285714289,c11,44
16,45,6374.02,c12,48
16,46,6375.890714285711,c13,52
16,47,6377.761428571429,c14,56
16,48,6379.63214285714,c15,60
16,49,6381.50285714286,c16,64
16,50,6385.225,d0,2
16,51,6387.09571428572,d1,6
16,52,6388.966428571429,d2,10
16,53,6390.83714285714,d3,14
16,54,6392.70785714286,d4,18
16,55,6394.578571428571,d5,22
16,56,6396.4492857142895,d6,26
16,57,6398.32,d7,30
16,58,6400.19071428572,d8,34
16,59,6402.061428571429,d9,38
16,60,6403.932142857139,d10,42
16,61,6405.80285714286,d11,46
16,62,6407.6735714285705,d12,50
16,63,6409.54428571429,d13,54
16,64,6411.415,d14,58
16,65,6413.28571428572,d15,62
17,0,6419.28571428572,a0,-1
17,1,6421.156428571429,a1,3
17,2,6423.02714285714,a2,7
17,3,6424.897857142861,a0,11
17,4,6426.768571428571,a1,15
17,5,6428.63928571429,a2,19
17,6,6430.51,a0,23
17,7,6432.3807142857195,a1,27
17,8,6434.25142857143,a2,31
17,9,6436.12214285714,a0,35
17,10,6437.99285714286,a1,39
17,11,6439.863571428571,a2,43
17,12,6441.734285714289,a0,47
17,13,6443.605,a1,51
17,14,6445.47571428572,a2,55
17,15,6447.346428571429,a0,59
17,16,6449.217142857139,a1,63
17,17,6452.939285714289,b0,1
17,18,6454.81,b1,5
17,19,6456.680714285711,c2,9
17,20,6458.551428571429,b0,13
17,21,6460.42214285714,b1,17
17,22,6462.29285714286,c2,21
17,23,6464.16357142857,b0,25
17,24,6466.03428571429,b1,29
17,25,6467.905,c2,33
17,26,6469.77571428571,b0,37
17,27,6471.646428571429,b1,41
17,28,6473.517142857139,c2,45
17,29,6475.38785714286,b0,49
17,30,6477.258571428571,b1,53
17,31,6479.12928571429,c2,57
17,32,6481.0,b0,61
17,33,6519.0,c0,0
17,34,6520.87071428571,c1,4
17,35,6522.741428571429,b2,8
17,36,6524.61214285714,c0,12
17,37,6526.482857142861,c1,16
17,38,6528.353571428571,b2,20
17,39,6530.22428571429,c0,24
17,40,6532.095,c1,28
17,41,6533.96571428571,b2,32
17,42,6535.83642857143,c0,36
17,43,6537.70714285714,c1,40
17,44,6539.57785714286,b2,44
17,45,6541.448571428571,c0,48
17,46,6543.319285714289,c1,52
17,47,6545.19,b2,56
17,48,6547.060714285711,c0,60
17,49,6548.931428571429,c1,64
17,50,6552.653571428571,d0,2
17,51,6554.524285714289,d1,6
17,52,6556.395,d2,10
17,53,6558.265714285711,d0,14
17,54,6560.136428571429,d1,18
17,55,6562.00714285714,d2,22
17,56,6563.87785714286,d0,26
17,57,6565.74857142857,d1,30
17,58,6567.61928571429,d2,34
17,59,6569.49,d0,38
17,60,6571.36071428571,d1,42
17,61,6573.231428571429,d2,46
17,62,6575.102142857139,d0,50
17,63,6576.97285714286,d1,54
17,64,6578.843571428571,d2,58
17,65,6580.71428571429,d0,62
18,0,6584.71428571429,a0,-1
18,1,6586.585,a1,3
18,2,6588.45571428571,a2,7
18,3,6590.3264285714295,a3,11
18,4,6592.19714285714,a4,15
18,5,6594.067857142861,a5,19
18,6,6595.938571428571,a6,23
18,7,6597.809285714289,a7,27
18,8,6599.68,a8,31
18,9,6601.5507142857105,a9,35
18,10,6603.421428571429,a10,39
18,11,6605.29214285714,a11,43
18,12,6607.16285714286,a12,47
18,13,6609.033571428571,a13,51
18,14,6610.9042857142895,a14,55
18,15,6612.775,a15,59
18,16,6614.645714285711,a16,63
18,17,6618.36785714286,b0,1
18,18,6620.238571428571,b1,5
18,19,6622.109285714289,b2,9
18,20,6623.98,b3,13
18,21,6625.850714285711,b4,17
18,22,6627.721428571429,b5,21
18,23,6629.592142857139,b6,25
18,24,6631.46285714286,b7,29
18,25,6633.33357142857,b8,33
18,26,6635.20428571429,b9,37
18,27,6637.075,b10,41
18,28,6638.94571428571,b11,45
18,29,6640.816428571429,b12,49
18,30,6642.687142857139,b13,53
18,31,6644.5578571428605,b14,57
18,32,6646.428571428571,b15,61
18,33,6652.428571428571,c0,0
18,34,6654.29928571429,c1,4
18,35,6656.17,c2,8
18,36,6658.04071428571,c3,12
18,37,6659.9114285714295,c4,16
18,38,6661.78214285714,c5,20
18,39,6663.652857142861,c6,24
18,40,6665.523571428571,c7,28
18,41,6667.394285714289,c8,32
18,42,6669.265,c9,36
18,43,6671.1357142857105,c10,40
18,44,6673.006428571429,c11,44
18,45,6674.87714285714,c12,48
18,46,6676.74785714286,c13,52
18,47,6678.618571428571,c14,56
18,48,6680.4892857142895,c15,60
18,49,6682.36,c16,64
18,50,6686.08214285714,d0,2
18,51,6687.95285714286,d1,6
18,52,6689.823571428571,d2,10
18,53,6691.694285714289,d3,14
18,54,6693.565,d4,18
18,55,6695.43571428572,d5,22
18,56,6697.306428571429,d6,26
18,57,6699.177142857139,d7,30
18,58,6701.04785714286,d8,34
18,59,6702.91857142857,d9,38
18,60,6704.78928571429,d10,42
18,61,6706.66,d11,46
18,62,6708.53071428572,d12,50
18,63,6710.401428571429,d13,54
18,64,6712.272142857139,d14,58
18,65,6714.1428571428605,d15,62
19,0,6718.1428571428605,a0,-1
19,1,6720.013571428571,a1,3
19,2,6721.88428571429,a2,7
19,3,6723.755,a3,11
19,4,6725.62571428572,a4,15
19,5,6727.4964285714295,a5,19
19,6,6729.36714285714,a6,23
19,7,6731.237857142861,a7,27
19,8,6733.108571428571,a8,31
19,9,6734.979285714289,a9,35
19,10,6736.85,a10,39
19,11,6738.72071428572,a11,43
19,12,6740.591428571429,a12,47
19,13,6742.46214285714,a13,51
19,14,6744.33285714286,a14,55
19,15,6746.203571428571,a15,59
19,16,6748.0742857142895,a16,63
19,17,6751.796428571429,b0,1
19,18,6753.66714285714,b1,5
19,19,6755.53785714286,b2,9
19,20,6757.408571428571,b3,13
19,21,6759.2792857142895,b4,17
19,22,6761.15,b5,21
19,23,6763.020714285711,b6,25
19,24,6764.891428571429,b7,29
19,25,6766.762142857139,b8,33
19,26,6768.63285714286,b9,37
19,27,6770.5035714285705,b10,41
19,28,6772.37428571429,b11,45
19,29,6774.245,b12,49
19,30,6776.11571428571,b13,53
19,31,6777.986428571429,b14,57
19,32,6779.8571428571395,b15,61
19,33,6785.8571428571395,c0,0
19,34,6787.727857142861,c1,4
19,35,6789.598571428571,c2,8
19,36,6791.46928571429,c3,12
19,37,6793.34,c4,16
19,38,6795.21071428571,c5,20
19,39,6797.08142857143,c6,24
19,40,6798.95214285714,c7,28
19,41,6800.822857142861,c8,32
19,42,6802.693571428571,c9,36
19,43,6804.564285714289,c10,40
19,44,6806.435,c11,44
19,45,6808.305714285711,c12,48
19,46,6810.176428571429,c13,52
19,47,6812.04714285714,c14,56
19,48,6813.91785714286,c15,60
19,49,6815.78857142857,c16,64
19,50,6819.5107142857105,d0,2
19,51,6821.381428571429,d1,6
19,52,6823.25214285714,d2,10
19,53,6825.12285714286,d3,14
19,54,6826.993571428571,d4,18
19,55,6828.8642857142895,d5,22
19,56,6830.735,d6,26
19,57,6832.605714285711,d7,30
19,58,6834.476428571429,d8,34
19,59,6836.347142857139,d9,38
19,60,6838.21785714286,d10,42
19,61,6840.0885714285705,d11,46
19,62,6841.95928571429,d12,50
19,63,6843.83,d13,54
19,64,6845.70071428571,d14,58
19,65,6847.571428571429,d15,62
20,0,6851.571428571429,a0,-1
20,1,6853.4421428571395,a1,3
20,2,6855.312857142861,a2,7
20,3,6857.183571428571,a3,11
20,4,6859.05428571429,a4,15
20,5,6860.925,a5,19
20,6,6862.79571428571,a6,23
20,7,6864.66642857143,a7,27
20,8,6866.53714285714,a8,31
20,9,6868.407857142861,a9,35
20,10,6870.278571428571,a10,39
20,11,6872.149285714289,a11,43
20,12,6874.02,a12,47
20,13,6875.890714285711,a13,51
20,14,6877.761428571429,a14,55
20,15,6879.63214285714,a15,59
20,16,6881.50285714286,a16,63
20,17,6885.225,b0,1
20,18,6887.09571428572,b1,5
20,19,6888.966428571429,b2,9
20,20,6890.83714285714,b3,13
20,21,6892.70785714286,b4,17
20,22,6894.578571428571,b5,21
20,23,6896.4492857142895,b6,25
20,24,6898.32,b7,29
20,25,6900.19071428572,b8,33
20,26,6902.061428571429,b9,37
20,27,6903.932142857139,b10,41
20,28,6905.80285714286,b11,45
20,29,6907.6735714285705,b12,49
20,30,6909.54428571429,b13,53
20,31,6911.415,b14,57
20,32,6913.28571428572,b15,61
20,33,6919.28571428572,c0,0
20,34,6921.156428571429,c1,4
20,35,6923.02714285714,c2,8
20,36,6924.897857142861,c3,12
20,37,6926.768571428571,c4,16
20,38,6928.63928571429,c5,20
20,39,6930.51,c6,24
20,40,6932.3807142857195,c7,28
20,41,6934.25142857143,c8,32
20,42,6936.12214285714,c9,36
20,43,6937.99285714286,c10,40
20,44,6939.863571428571,c11,44
20,45,6941.734285714289,c12,48
20,46,6943.605,c13,52
20,47,6945.47571428572,c14,56
20,48,6947.346428571429,c15,60
20,49,6949.217142857139,c16,64
20,50,6952.939285714289,d0,2
20,51,6954.81,d1,6
20,52,6956.680714285711,d2,10
20,53,6958.551428571429,d3,14
20,54,6960.42214285714,d4,18
20,55,6962.29285714286,d5,22
20,56,6964.16357142857,d6,26
20,57,6966.03428571429,d7,30
20,58,6967.905,d8,34
20,59,6969.77571428571,d9,38
20,60,6971.646428571429,d10,42
20,61,6973.517142857139,d11,46
20,62,6975.38785714286,d12,50
20,63,6977.258571428571,d13,54
20,64,6979.12928571429,d14,58
20,65,6981.0,d15,62
21,0,7019.0,a0,-1
21,1,7020.87071428571,a1,3
21,2,7022.741428571429,a2,7
21,3,7024.61214285714,a3,11
21,4,7026.482857142861,a4,15
21,5,7028.353571428571,a5,19
21,6,7030.22428571429,a6,23
21,7,7032.095,a7,27
21,8,7033.96571428571,a8,31
21,9,7035.83642857143,a9,35
21,10,7037.707142857141,a10,39
21,11,7039.577857142859,a11,43
21,12,7041.448571428571,a12,47
21,13,7043.31928571429,a13,51
21,14,7045.19,a14,55
21,15,7047.06071428571,a15,59
21,16,7048.931428571429,a16,63
21,17,7052.653571428571,b0,1
21,18,7054.52428571429,b1,5
21,19,7056.395,b2,9
21,20,7058.26571428571,b3,13
21,21,7060.136428571429,b4,17
21,22,7062.007142857141,b5,21
21,23,7063.877857142859,b6,25
21,24,7065.74857142857,b7,29
21,25,7067.6192857142905,b8,33
21,26,7069.49,b9,37
21,27,7071.360714285709,b10,41
21,28,7073.231428571429,b11,45
21,29,7075.10214285714,b12,49
21,30,7076.9728571428595,b13,53
21,31,7078.843571428571,b14,57
21,32,7080.714285714291,b15,61
21,33,7084.714285714291,c0,0
21,34,7086.585,c1,4
21,35,7088.455714285709,c2,8
21,36,7090.3264285714295,c3,12
21,37,7092.1971428571405,c4,16
21,38,7094.06785714286,c5,20
21,39,7095.938571428571,c6,24
21,40,7097.809285714291,c7,28
21,41,7099.68,c8,32
21,42,7101.55071428571,c9,36
21,43,7103.421428571429,c10,40
21,44,7105.292142857141,c11,44
21,45,7107.162857142859,c12,48
21,46,7109.033571428571,c13,52
21,47,7110.90428571429,c14,56
21,48,7112.775,c15,60
21,49,7114.64571428571,c16,64
21,50,7118.367857142859,d0,2
21,51,7120.238571428571,d1,6
21,52,7122.10928571429,d2,10
21,53,7123.98,d3,14
21,54,7125.85071428571,d4,18
21,55,7127.721428571429,d5,22
21,56,7129.592142857141,d6,26
21,57,7131.462857142859,d7,30
21,58,7133.33357142857,d8,34
21,59,7135.204285714291,d9,38
21,60,7137.075,d10,42
21,61,7138.945714285709,d11,46
21,62,7140.816428571429,d12,50
21,63,7142.68714285714,d13,54
21,64,7144.55785714286,d14,58
21,65,7146.428571428571,d15,62
22,0,7152.428571428571,a0,-1
22,1,7154.299285714291,a1,3
22,2,7156.17,a2,7
22,3,7158.040714285709,a0,11
22,4,7159.9114285714295,a1,15
22,5,7161.782142857141,a2,19
22,6,7163.65285714286,a0,23
22,7,7165.523571428571,a1,27
22,8,7167.394285714291,a2,31
22,9,7169.265,a0,35
22,10,7171.13571428571,a1,39
22,11,7173.006428571429,a2,43
22,12,7174.877142857141,a0,47
22,13,7176.747857142859,a1,51
22,14,7178.618571428571,a2,55
22,15,7180.48928571429,a0,59
22,16,7182.36,a1,63
22,17,7186.082142857141,b0,1
22,18,7187.952857142859,b1,5
22,19,7189.823571428571,c2,9
22,20,7191.69428571429,b0,13
22,21,7193.565,b1,17
22,22,7195.43571428572,c2,21
22,23,7197.306428571429,b0,25
22,24,7199.17714285714,b1,29
22,25,7201.047857142859,c2,33
22,26,7202.91857142857,b0,37
22,27,7204.789285714291,b1,41
22,28,7206.66,c2,45
22,29,7208.53071428572,b0,49
22,30,7210.401428571429,b1,53
22,31,7212.27214285714,c2,57
22,32,7214.14285714286,b0,61
22,33,7218.14285714286,c0,0
22,34,7220.013571428571,c1,4
22,35,7221.884285714291,b2,8
22,36,7223.755,c0,12
22,37,7225.62571428572,c1,16
22,38,7227.4964285714295,b2,20
22,39,7229.367142857141,c0,24
22,40,7231.23785714286,c1,28
22,41,7233.108571428571,b2,32
22,42,7234.97928571429,c0,36
22,43,7236.85,c1,40
22,44,7238.72071428572,b2,44
22,45,7240.591428571429,c0,48
22,46,7242.462142857141,c1,52
22,47,7244.332857142859,b2,56
22,48,7246.203571428571,c0,60
22,49,7248.07428571429,c1,64
22,50,7251.796428571429,d0,2
22,51,7253.667142857141,d1,6
22,52,7255.537857142859,d2,10
22,53,7257.408571428571,d0,14
22,54,7259.27928571429,d1,18
22,55,7261.15,d2,22
22,56,7263.02071428571,d0,26
22,57,7264.891428571429,d1,30
22,58,7266.76214285714,d2,34
22,59,7268.632857142859,d0,38
22,60,7270.5035714285705,d1,42
22,61,7272.374285714291,d2,46
22,62,7274.245,d0,50
22,63,7276.115714285709,d1,54
22,64,7277.986428571429,d2,58
22,65,7279.85714285714,d0,62
23,0,7285.85714285714,a0,-1
23,1,7287.72785714286,a1,3
23,2,7289.598571428571,a2,7
23,3,7291.469285714291,a3,11
23,4,7293.34,a4,15
23,5,7295.210714285709,a5,19
23,6,7297.08142857143,a6,23
23,7,7298.952142857141,a7,27
23,8,7300.82285714286,a8,31
23,9,7302.693571428571,a9,35
23,10,7304.56428571429,a10,39
23,11,7306.435,a11,43
23,12,7308.30571428571,a12,47
23,13,7310.176428571429,a13,51
23,14,7312.047142857141,a14,55
23,15,7313.917857142859,a15,59
23,16,7315.78857142857,a16,63
23,17,7319.51071428571,b0,1
23,18,7321.381428571429,b1,5
23,19,7323.252142857141,b2,9
23,20,7325.122857142859,b3,13
23,21,7326.993571428571,b4,17
23,22,7328.86428571429,b5,21
23,23,7330.735,b6,25
23,24,7332.605714285709,b7,29
23,25,7334.476428571429,b8,33
23,26,7336.34714285714,b9,37
23,27,7338.217857142859,b10,41
23,28,7340.0885714285705,b11,45
23,29,7341.959285714291,b12,49
23,30,7343.83,b13,53
23,31,7345.700714285709,b14,57
23,32,7347.571428571429,b15,61
23,33,7351.571428571429,c0,0
23,34,7353.44214285714,c1,4
23,35,7355.31285714286,c2,8
23,36,7357.183571428571,c3,12
23,37,7359.054285714291,c4,16
23,38,7360.925,c5,20
23,39,7362.795714285709,c6,24
23,40,7364.66642857143,c7,28
23,41,7366.537142857141,c8,32
23,42,7368.407857142859,c9,36
23,43,7370.278571428571,c10,40
23,44,7372.14928571429,c11,44
23,45,7374.02,c12,48
23,46,7375.89071428571,c13,52
23,47,7377.761428571429,c14,56
23,48,7379.632142857141,c15,60
23,49,7381.502857142859,c16,64
23,50,7385.225,d0,2
23,51,7387.09571428572,d1,6
23,52,7388.966428571429,d2,10
23,53,7390.837142857141,d3,14
23,54,7392.707857142859,d4,18
23,55,7394.578571428571,d5,22
23,56,7396.44928571429,d6,26
23,57,7398.32,d7,30
23,58,7400.19071428572,d8,34
23,59,7402.061428571429,d9,38
23,60,7403.93214285714,d10,42
23,61,7405.8028571428595,d11,46
23,62,7407.6735714285705,d12,50
23,63,7409.544285714291,d13,54
23,64,7411.415,d14,58
23,65,7413.28571428572,d15,62
24,0,7419.28571428572,a0,-1
24,1,7421.156428571429,a1,3
24,2,7423.0271428571405,a2,7
24,3,7424.89785714286,a3,11
24,4,7426.768571428571,a4,15
24,5,7428.639285714291,a5,19
24,6,7430.51,a6,23
24,7,7432.3807142857195,a7,27
24,8,7434.25142857143,a8,31
24,9,7436.122142857141,a9,35
24,10,7437.992857142859,a10,39
24,11,7439.863571428571,a11,43
24,12,7441.73428571429,a12,47
24,13,7443.605,a13,51
24,14,7445.47571428572,a14,55
24,15,7447.346428571429,a15,59
24,16,7449.217142857141,a16,63
24,17,7452.93928571429,b0,1
24,18,7454.81,b1,5
24,19,7456.68071428571,b2,9
24,20,7458.551428571429,b3,13
24,21,7460.422142857141,b4,17
24,22,7462.292857142859,b5,21
24,23,7464.16357142857,b6,25
24,24,7466.0342857142905,b7,29
24,25,7467.905,b8,33
24,26,7469.775714285709,b9,37
24,27,7471.646428571429,b10,41
24,28,7473.51714285714,b11,45
24,29,7475.3878571428595,b12,49
24,30,7477.258571428571,b13,53
24,31,7479.129285714291,b14,57
24,32,7481.0,b15,61
24,33,7519.0,c0,0
24,34,7520.870714285709,c1,4
24,35,7522.741428571429,c2,8
24,36,7524.6121428571405,c3,12
24,37,7526.48285714286,c4,16
24,38,7528.353571428571,c5,20
24,39,7530.224285714291,c6,24
24,40,7532.095,c7,28
24,41,7533.9657142857095,c8,32
24,42,7535.83642857143,c9,36
24,43,7537.707142857141,c10,40
24,44,7539.577857142859,c11,44
24,45,7541.448571428571,c12,48
24,46,7543.31928571429,c13,52
24,47,7545.19,c14,56
24,48,7547.06071428571,c15,60
24,49,7548.931428571429,c16,64
24,50,7552.653571428571,d0,2
24,51,7554.52428571429,d1,6
24,52,7556.395,d2,10
24,53,7558.26571428571,d3,14
24,54,7560.136428571429,d4,18
24,55,7562.007142857141,d5,22
24,56,7563.877857142859,d6,26
24,57,7565.74857142857,d7,30
24,58,7567.6192857142905,d8,34
24,59,7569.49,d9,38
24,60,7571.360714285709,d10,42
24,61,7573.231428571429,d11,46
24,62,7575.10214285714,d12,50
24,63,7576.9728571428595,d13,54
24,64,7578.843571428571,d14,58
24,65,7580.714285714291,d15,62
25,0,7584.714285714291,a0,-1
25,1,7586.585,a1,3
25,2,7588.455714285709,a2,7
25,3,7590.3264285714295,a3,11
25,4,7592.1971428571405,a4,15
25,5,7594.06785714286,a5,19
25,6,7595.938571428571,a6,23
25,7,7597.809285714291,a7,27
25,8,7599.68,a8,31
25,9,7601.55071428571,a9,35
25,10,7603.421428571429,a10,39
25,11,7605.292142857141,a11,43
25,12,7607.162857142859,a12,47
25,13,7609.033571428571,a13,51
25,14,7610.90428571429,a14,55
25,15,7612.775,a15,59
25,16,7614.64571428571,a16,63
25,17,7618.367857142859,b0,1
25,18,7620.238571428571,b1,5
25,19,7622.10928571429,b2,9
25,20,7623.98,b3,13
25,21,7625.85071428571,b4,17
25,22,7627.721428571429,b5,21
25,23,7629.592142857141,b6,25
25,24,7631.462857142859,b7,29
25,25,7633.33357142857,b8,33
25,26,7635.204285714291,b9,37
25,27,7637.075,b10,41
25,28,7638.945714285709,b11,45
25,29,7640.816428571429,b12,49
25,30,7642.68714285714,b13,53
25,31,7644.55785714286,b14,57
25,32,7646.428571428571,b15,61
25,33,7652.428571428571,c0,0
25,34,7654.299285714291,c1,4
25,35,7656.17,c2,8
25,36,7658.040714285709,c3,12
25,37,7659.9114285714295,c4,16
25,38,7661.782142857141,c5,20
25,39,7663.65285714286,c6,24
25,40,7665.523571428571,c7,28
25,41,7667.394285714291,c8,32
25,42,7669.265,c9,36
25,43,7671.13571428571,c10,40
25,44,7673.006428571429,c11,44
25,45,7674.877142857141,c12,48
25,46,7676.747857142859,c13,52
25,47,7678.618571428571,c14,56
25,48,7680.48928571429,c15,60
25,49,7682.36,c16,64
25,50,7686.082142857141,d0,2
25,51,7687.952857142859,d1,6
25,52,7689.823571428571,d2,10
25,53,7691.69428571429,d3,14
25,54,7693.565,d4,18
25,55,7695.43571428572,d5,22
25,56,7697.306428571429,d6,26
25,57,7699.17714285714,d7,30
25,58,7701.047857142859,d8,34
25,59,7702.91857142857,d9,38
25,60,7704.789285714291,d10,42
25,61,7706.66,d11,46
25,62,7708.53071428572,d12,50
25,63,7710.401428571429,d13,54
25,64,7712.27214285714,d14,58
25,65,7714.14285714286,d15,62
26,0,7718.14285714286,a0,-1
26,1,7720.013571428571,a1,3
26,2,7721.884285714291,a2,7
26,3,7723.755,a3,11
26,4,7725.62571428572,a4,15
26,5,7727.4964285714295,a5,19
26,6,7729.367142857141,a6,23
26,7,7731.23785714286,a7,27
26,8,7733.108571428571,a8,31
26,9,7734.97928571429,a9,35
26,10,7736.85,a10,39
26,11,7738.72071428572,a11,43
26,12,7740.591428571429,a12,47
26,13,7742.462142857141,a13,51
26,14,7744.332857142859,a14,55
26,15,7746.203571428571,a15,59
26,16,7748.07428571429,a16,63
26,17,7751.796428571429,b0,1
26,18,7753.667142857141,b1,5
26,19,7755.537857142859,b2,9
26,20,7757.408571428571,b3,13
26,21,7759.27928571429,b4,17
26,22,7761.15,b5,21
26,23,7763.02071428571,b6,25
26,24,7764.891428571429,b7,29
26,25,7766.76214285714,b8,33
26,26,7768.632857142859,b9,37
26,27,7770.5035714285705,b10,41
26,28,7772.374285714291,b11,45
26,29,7774.245,b12,49
26,30,7776.115714285709,b13,53
26,31,7777.986428571429,b14,57
26,32,7779.85714285714,b15,61
26,33,7785.85714285714,c0,0
26,34,7787.72785714286,c1,4
26,35,7789.598571428571,c2,8
26,36,7791.469285714291,c3,12
26,37,7793.34,c4,16
26,38,7795.210714285709,c5,20
26,39,7797.08142857143,c6,24
26,40,7798.952142857141,c7,28
26,41,7800.82285714286,c8,32
26,42,7802.693571428571,c9,36
26,43,7804.56428571429,c10,40
26,44,7806.435,c11,44
26,45,7808.30571428571,c12,48
26,46,7810.176428571429,c13,52
26,47,7812.047142857141,c14,56
26,48,7813.917857142859,c15,60
26,49,7815.78857142857,c16,64
26,50,7819.51071428571,d0,2
26,51,7821.381428571429,d1,6
26,52,7823.252142857141,d2,10
26,53,7825.122857142859,d3,14
26,54,7826.993571428571,d4,18
26,55,7828.86428571429,d5,22
26,56,7830.735,d6,26
26,57,7832.605714285709,d7,30
26,58,7834.476428571429,d8,34
26,59,7836.34714285714,d9,38
26,60,7838.217857142859,d10,42
26,61,7840.0885714285705,d11,46
26,62,7841.959285714291,d12,50
26,63,7843.83,d13,54
26,64,7845.700714285709,d14,58
26,65,7847.571428571429,d15,62
27,0,7851.571428571429,a0,-1
27,1,7853.44214285714,a1,3
27,2,7855.31285714286,a2,7
27,3,7857.183571428571,a0,11
27,4,7859.054285714291,a1,15
27,5,7860.925,a2,19
27,6,7862.795714285709,a0,23
27,7,7864.66642857143,a1,27
27,8,7866.537142857141,a2,31
27,9,7868.407857142859,a0,35
27,10,7870.278571428571,a1,39
27,11,7872.14928571429,a2,43
27,12,7874.02,a0,47
27,13,7875.89071428571,a1,51
27,14,7877.761428571429,a2,55
27,15,7879.632142857141,a0,59
27,16,7881.502857142859,a1,63
27,17,7885.225,b0,1
27,18,7887.09571428572,b1,5
27,19,7888.966428571429,c2,9
27,20,7890.837142857141,b0,13
27,21,7892.707857142859,b1,17
27,22,7894.578571428571,c2,21
27,23,7896.44928571429,b0,25
27,24,7898.32,b1,29
27,25,7900.19071428572,c2,33
27,26,7902.061428571429,b0,37
27,27,7903.93214285714,b1,41
27,28,7905.8028571428595,c2,45
27,29,7907.6735714285705,b0,49
27,30,7909.544285714291,b1,53
27,31,7911.415,c2,57
27,32,7913.28571428572,b0,61
27,33,7919.28571428572,c0,0
27,34,7921.156428571429,c1,4
27,35,7923.0271428571405,b2,8
27,36,7924.89785714286,c0,12
27,37,7926.768571428571,c1,16
27,38,7928.639285714291,b2,20
27,39,7930.51,c0,24
27,40,7932.3807142857195,c1,28
27,41,7934.25142857143,b2,32
27,42,7936.122142857141,c0,36
27,43,7937.992857142859,c1,40
27,44,7939.863571428571,b2,44
27,45,7941.73428571429,c0,48
27,46,7943.605,c1,52
27,47,7945.47571428572,b2,56
27,48,7947.346428571429,c0,60
27,49,7949.217142857141,c1,64
27,50,7952.93928571429,d0,2
27,51,7954.81,d1,6
27,52,7956.68071428571,d2,10
27,53,7958.551428571429,d0,14
27,54,7960.422142857141,d1,18
27,55,7962.292857142859,d2,22
27,56,7964.16357142857,d0,26
27,57,7966.0342857142905,d1,30
27,58,7967.905,d2,34
27,59,7969.775714285709,d0,38
27,60,7971.646428571429,d1,42
27,61,7973.51714285714,d2,46
27,62,7975.3878571428595,d0,50
27,63,7977.258571428571,d1,54
27,64,7979.129285714291,d2,58
27,65,7981.0,d0,62
